0,MIECZYSŁAW,SZCZYGIEŁ,23,66
1,MAKSYMILIAN,CZERWIŃSKI,20,503
2,KAROL,STACHOWSKI,25,967
3,ANDRZEJ,CZARNIK,21,414
4,TOMASZ,BRĄCZYK,18,172
5,ANDRZEJ,MIKA,22,81
6,BŁAŻEJ,ZWIERZCHLEWSKI,23,637
7,ZBIGNIEW,CHOLEWIK,25,805
8,SŁAWOMIR,WOJAKOWSKI,21,21
9,ŁUKASZ,KRASSOWSKI,23,445
10,OLGA,BACHNACKA,19,904
11,BEN,KUŚMIEROWSKI,19,391
12,STANISŁAW,MIKOŁAJCZYK,20,265
13,WIESŁAWA,WALKIEWICZ,26,602
14,VARVARA,WRÓBLEWICZ,19,441
15,MARZENNA,SOBCZAK,25,564
16,KAMIL,TRZOS,25,201
17,BARBARA,MURUK,26,806
18,KLARA,KUŚMIEROWSKA,23,641
19,ELIZAVETA,PATEREK,21,396
20,PIOTR,SZYMKOWIAK,25,992
21,SEBASTIAN,BOROWIK,25,540
22,MARZENA,WOLNY,19,483
23,MICHAŁ,POZIOMEK,26,421
24,STANISLAV,SITEK,25,88
25,EWELINA,KRACZKOWSKA,22,910
26,OLIWIA,SIEMBIDA,23,424
27,WIKTOR,BROZEK,25,426
28,ANDRZEJ,RUTKA,24,11
29,CYPRIAN,BURGESS,19,635
30,JANINA,KARUBIN,20,446
31,SABINA,TUSZEWSKA,24,306
32,BARBARA,BARYŁA,21,630
33,ANDRII,NOWICKI,26,149
34,ANDRZEJ,FIRLIT,26,124
35,ZOFIA,POGODZIŃSKA,23,233
36,LENA,GAŁAŻEWSKA,24,489
37,PIOTR,RUDAWSKI,25,721
38,KRZYSZTOF,MARCZAK,25,981
39,ALEKSANDER,WOŹNIAK,18,175
40,MONIKA,SILKOWSKA,26,491
41,LAURA,ARZHANNIKOVA,18,739
42,ANNA,DZIENIS,23,180
43,TOMASZ,MAJCHRZAK,22,888
44,DOMINIK,KOBESZKO,22,700
45,ALEKSANDRA,ORLIKOWSKA,22,932
46,EMILIA,ROMAN,22,418
47,PAULINA,PAWŁOWSKA,24,34
48,HENRYK,WISOWSKI,21,756
49,MARTA,KRUPA,25,239
50,ANTONI,GROMADZKI,20,256
51,BARTOSZ,ROZMARYNOWSKI,19,685
52,KAROLINA,OWCZARZ,21,799
53,DAWID,BOGDAN,26,460
54,MIROSŁAW,ELWARTOWSKI,18,744
55,DAMIAN,WIŚNIEWSKI,18,25
56,ALICJA,BIEDROŃ,22,5
57,ANNA,MALINOWSKA,18,944
58,JAN,LANGOWSKI,25,745
59,PIOTR,SITO,23,20
60,GENOWEFA,KĘDZIA,25,260
61,DOMINIKA,POGOŃSKA,18,324
62,JULIA,STACHOWSKA,24,784
63,MARTYNA,MANTAJ,25,619
64,MARIA,FORNALSKA,23,546
65,KAROL,SOWADA,23,260
66,ANDRZEJ,ŚWIETLICKI,23,573
67,NIKOLA,BEDYŃSKA,25,391
68,PRZEMYSŁAW,KRUK,23,597
69,WOJCIECH,SZURMIŃSKI,22,566
70,MIROSŁAW,KACZMAREK,21,118
71,JUSTYNA,RUDNICKA,20,513
72,ELŻBIETA,BLICHARZ,23,290
73,ZYGMUNT,ORZECHOWSKI,25,279
74,AGNIESZKA,BERNAŚ,22,156
75,KAZIMIERZ,GŁADKI,18,758
76,MARIUSZ,WIŚNIEWSKI,22,97
77,HELENA,KĘPIŃSKA,25,136
78,TOMASZ,LUZAR,21,624
79,RUSLAN,KRZAK,26,630
80,SYLWIA,ŁAPAWA,18,722
81,ANNA,PRZYGODA,18,34
82,KAROLINA,DUDA,26,273
83,JAKUB,ŻAK,20,814
84,LESŁAW,ZAWISZEWSKI,18,266
85,KATARZYNA,STAWIKOWSKA,21,796
86,MARIA,CHRZANOWSKA,23,626
87,ŁUKASZ,KOPIJ,23,475
88,JULIA,SPRAWKA,26,588
89,NADIA,JAKLEWICZ,21,831
90,RADOSŁAW,MIŚKIEWICZ,18,344
91,PIOTR,STACHURSKI,21,741
92,ANASTASIIA,STOPCZYŃSKA,19,250
93,ARKADIUSZ,MARKS,26,111
94,ZUZANNA,ŚWIEŻY,21,851
95,BARBARA,ROGUSKA,25,968
96,KRZYSZTOF,PRZANOWSKI,24,39
97,NIKODEM,ROJEK,26,936
98,MARTA,ŁYSIAK-JUREK,23,37
99,EDYTA,KIK,20,648
100,PIOTR,BOKIN,26,254
101,ALEKSANDER,DANOWSKI,21,364
102,ROMAN,GRZEGRZÓŁKA,23,706
103,TADEUSZ,MROWIEC,25,265
104,JAROSŁAW,KOZŁOWSKI,22,36
105,KRZYSZTOF,ŚWICA,20,707
106,MARCELINA,KLUZA,19,512
107,ANNA,WORONIEC,22,147
108,KATARZYNA,CIESIEWICZ,23,885
109,MAREK,KUCHARSKI,19,679
110,SZYMON,BRANICKI,18,70
111,JÓZEF,PRYBA,19,173
112,JULIAN,MARCINKOWSKI,24,130
113,VIOLETTA,STYSŁO,22,931
114,OLIWIER,KRESSO,19,192
115,ŁUKASZ,KWIATOŃ,26,324
116,KAROLINA,CIARA,24,344
117,URSZULA,KOSIARSKA,18,552
118,MIECZYSŁAW,HONCHARUK,22,854
119,MARTA,HETNAŁ,20,639
120,JANINA,NOGA,21,477
121,ROMAN,TYL,21,163
122,KATARZYNA,PSICA,19,917
123,HUBERT,HUMIĘCKI,26,610
124,MILAN,TRYBEK,21,413
125,MYKOLA,STACHOWIAK,23,669
126,KRZYSZTOF,MROZEK,25,678
127,JAKUB,POSPIESZALSKI,22,14
128,ARTUR,ZIELONKA,24,930
129,DAWID,OLCZYK,24,408
130,DARIA,FERSTER,19,923
131,DIETMAR,GIERLICH,24,681
132,KAMIL,BOGUŚ,19,697
133,BOGUSŁAW,KOŚCIOŁEK,18,355
134,TOMASZ,MARAT,22,665
135,KRYSTYNA,GARCZYŃSKA,25,255
136,WIKTORIA,WITEK,18,279
137,ELŻBIETA,PSZONAK,23,499
138,AGATA,LIPOWSKA,19,896
139,TERESA,HERASYMOVA,20,828
140,LEON,GREGOREK,25,467
141,WIKTOR,SZYCHULSKI,18,334
142,WOJCIECH,HATAŁA,20,830
143,JÓZEF,CHLEBUŚ,19,555
144,KRYSTYNA,WIEDWALD,22,598
145,ARKADIUSZ,KORDELA,24,620
146,MARIUSZ,ARKITA,20,186
147,AGNIESZKA,BOROWICZ,23,616
148,GRZEGORZ,SELIMI,26,293
149,DAWID,SABASTYN,24,435
150,TERESA,FORNALCZYK,18,141
151,JESSE,PIOTROWSKI,24,759
152,MATEUSZ,PAWŁOWSKI,20,48
153,MAŁGORZATA,GEORGIEWA,24,959
154,ANNA,GRZEGORCZYK,26,603
155,JANA,JUNAK,18,671
156,ELISABETH,PYDA,18,147
157,ADAM,RANIEWICZ,25,341
158,IRENA,KISIEL,24,448
159,MAREK,SIESS,24,903
160,WERONIKA,KICIAK,22,563
161,MARTYNA,PALAK,24,82
162,WIOLETTA,TARNOWSKA,24,463
163,HELENA,MICHALAK,19,603
164,ROMAN,VASYLETS,23,324
165,IWONA,ŚLĘZAK,25,204
166,GRAŻYNA,SZATKO,25,396
167,XUJUN,PARDA,25,737
168,WOJCIECH,FELICKI,18,661
169,MARTYNA,PIOTROWSKA,19,589
170,KATARZYNA,WŁODARCZYK,20,450
171,EWELINA,GURTATOWSKA,25,70
172,TOMASZ,BOROWSKI,19,638
173,RADOSŁAW,ROJEK,23,431
174,PIOTR,STEPPA,21,199
175,SANDRA,JANKOWSKA,18,640
176,ALINA,TOMCZAK,20,329
177,KAROL,KIRYANAU,23,944
178,ALEKSANDRA,BIELA,25,532
179,KAMILA,WALISZEK,19,376
180,MARLENA,MAŁANIUK,20,539
181,SERHII,GORYSZEWSKI,18,499
182,ELŻBIETA,KOLEKTA,20,818
183,ALEKSANDRA,PIETRZYK,24,878
184,BARTOSZ,GINCZELEWSKI,26,743
185,JACEK,MICHTA,26,808
186,ALICJA,CIECHANOWICZ,21,990
187,JUSTYNA,KUBASIK,24,544
188,KINGA,GALAS,24,296
189,SZYMON,FABINIAK,26,281
190,ANIELA,SALWIN,26,590
191,ARTUR,GRYMEL,25,8
192,PIOTR,CIEŚLA,20,173
193,JÓZEF,FIJAŁ,19,202
194,MIHAIL,MARCHALEWICZ,20,932
195,MAJA,GOŁUCH,25,785
196,DANUTA,STEFANIAK,19,899
197,EWA,SIEPRAWSKA,22,275
198,KACPER,GLINICKI,24,184
199,MIŁOSZ,GRABOWSKI,18,686
200,ANDRII,BANAT,25,698
201,ALICJA,KOCHANOWSKA,26,813
202,MARCEL,HALTSOV,24,243
203,MARIA,ZAJĄC,22,166
204,KATARZYNA,SZYDŁOWSKA,19,610
205,ANGELIKA,MICHNO,22,623
206,BERNARDYNA,SAKOWICZ,22,438
207,STANISŁAW,KRUMREY,20,967
208,JERZY,CZERNIAKOWSKI,26,119
209,LUCYNA,RADUCKA,25,692
210,DENIS,GÓRSKI,23,410
211,PAWEŁ,WOŁOSIK,19,702
212,ELEONORA,MUĆKA,25,448
213,WOJCIECH,FEJST,19,978
214,IWONA,GUMNA,22,969
215,HENRYK,CZAPLA,22,872
216,SEBASTIAN,MARGAN,25,678
217,MARIANA,SIEŃSKA,20,25
218,MARIUSZ,DOBAK,20,218
219,ŁUKASZ,OLENIACZ,22,688
220,PIOTR,LENARD,25,993
221,KRYSTIAN,WĄSIK,25,278
222,VOLODYMYR,KAMPE,24,219
223,JADWIGA,KĘDZIERSKA,22,198
224,MACIEJ,VASYLENKO,19,493
225,KATARZYNA,KOLKA,18,803
226,KRYSTYNA,SZYMAŃSKA,18,411
227,TADEUSZ,ĆIRIĆ,19,15
228,PIOTR,WĄSIK,24,186
229,ANNA,WASZKIEWICZ,23,549
230,KATARZYNA,KONCZAK,23,244
231,MAGDALENA,SROKA,21,968
232,PIOTR,DASZKE,21,740
233,JANINA,BANASIK,22,134
234,JOANNA,JAGODA,22,538
235,TADEUSZ,KRYGER,25,78
236,ARTUR,TŁUSTY,24,419
237,MICHAŁ,MIKŁASZEWSKI,19,119
238,ANNA,SOŁTYS,20,827
239,GRZEGORZ,KAWECKI,26,511
240,MARTA,WIŚNIEWSKA,20,233
241,KAROLINA,SCHREY,26,498
242,JUSTYNA,SURMAN,22,840
243,MARTA,CHROŃ,22,816
244,NINA,BARTOS,21,656
245,ANNA,KĘDZIERSKA,20,478
246,EWELINA,SOBAŃSKA,20,323
247,ALEXANDER,REGIMOWICZ,23,21
248,WOJCIECH,PETRENKO,19,68
249,SOFIA,LINKOWSKA,23,791
250,JERZY,SŁAWIK,24,842
251,KATARZYNA,KADZEWSKA,25,577
252,ADRIAN,FILIPOWICZ,26,65
253,LESZEK,GRZYB,25,536
254,ANNA,WITOSŁAW,25,83
255,PIOTR,KLUPŚ,23,938
256,AGATA,SZTOR,23,874
257,IWONA,SZYMCZYK,22,353
258,GABRIELA,BIGUS,21,483
259,ZOFIA,NIEWIADOMSKA,25,557
260,ANDRZEJ,PARCHOWICZ,25,664
261,PRZEMYSŁAW,GOROL,23,284
262,NATASZA,CYBIS,22,703
263,TERESA,WITEK,26,560
264,MALWINA,ŁOKIEĆ,19,58
265,BIANKA,BRZĘCZEK,24,547
266,BARBARA,GIENIEC,25,61
267,ANNA,CISZ,21,909
268,KAMILA,REDWAN,22,326
269,PAWEŁ,BIELA,26,116
270,ŁUKASZ,ŁUCZAK,19,367
271,KAMIL,DRELICHOWSKI,20,683
272,BENIAMIN,NOGA,18,908
273,NATALIA,TOMPOROWSKA,20,549
274,RYSZARD,PACUSZKA,18,301
275,ALEKSANDRA,BARTOS,21,958
276,KRYSTYNA,ARCHACKA,26,883
277,MAŁGORZATA,OLSZEWSKA,20,578
278,HENRYK,LEWANDOWSKI,19,767
279,DAJANA,KONDRACKA,26,304
280,NATALIA,KOŁODZIEJ,22,459
281,ARTUR,PODSADOWSKI,22,772
282,RAFAŁ,MELNYK,26,363
283,EWA,MUCHA,20,656
284,MILENA,MIANOWSKA,19,550
285,JOANNA,RABENDA,22,349
286,SERHII,OLEJARZ,22,112
287,KATARZYNA,SPÓRNA,20,8
288,KRYSTYNA,BIEŃKOWSKA,18,361
289,DANUTA,NĘDZA,22,911
290,PAWEŁ,LASKOWSKI,20,88
291,NIKOLA,NOWACKA,22,122
292,ELIJAH,KONEFAŁ,20,689
293,NIKOLA,BIELAWSKA,26,569
294,ZOFIA,CYMERMAN,18,796
295,JACEK,ZIEMBA,22,385
296,HALINA,CIEĆKA,24,921
297,JOLANTA,KOPYRA,26,920
298,EWELINA,SPYCHAŁA,21,810
299,ANNA,CZERWIK,20,950
300,MACIEJ,HLEBOWICZ,24,520
301,LIDIA,MACIEJEWSKA,22,696
302,DOROTA,ŚWIDERSKI,20,859
303,ZBIGNIEW,WOJTKIEWICZ,18,88
304,PIOTR,KSIĄŻKIEWICZ,25,7
305,MALWINA,ZAWADZKA,25,9
306,IRENA,KWIATEK,19,93
307,MAŁGORZATA,HOTAŁA,19,671
308,NATALIA,KUCHERAK,21,855
309,HALINA,PĘKAŁA,26,144
310,TOMASZ,WAŚKOWSKI,22,341
311,DARIUSZ,POZNAŃSKI,19,917
312,EWELINA,KRZYWICKA-ACOSTA,22,152
313,ANNA,MACHNICKA,25,753
314,MAREK,KITA,21,634
315,WŁADYSŁAW,DŹWIGAŁ,20,779
316,JAN,PRASEK,26,350
317,KRZYSZTOF,PAPROCKI,22,107
318,EDWARD,RYNKOWSKI,23,134
319,MONIKA,POPIELARZ,23,590
320,PAULINA,BACCHUS,23,47
321,BARBARA,WARSZ,18,976
322,ROBERT,SZUĆKO,22,287
323,AMIR,OZÓG,19,460
324,PAWEŁ,KOŁPACZYŃSKI,19,936
325,MARIA,BIELECKA,18,743
326,ALICJA,DZIUBAN,21,986
327,KRZYSZTOF,LEŚNIEWSKI,26,230
328,HALINA,BULCZAK,25,567
329,LESZEK,DĄBEK,22,39
330,EWA,FRANUS,19,55
331,MAREK,BANDYK,26,371
332,GRZEGORZ,BĄK,26,690
333,IRENA,ŁYSAKOWSKA,24,762
334,MARIANNA,KMIECIK,19,752
335,ZOFIA,BALCERZAK,18,335
336,RADOSŁAW,JUKIN,23,1
337,OLIWIA,SKOŁUBA,23,428
338,ZUZANNA,SROKA,25,983
339,HENRYK,NOGA,21,877
340,MAJA,PELCZAR,20,390
341,MAŁGORZATA,BORKOWSKA,24,347
342,MACIEJ,ŚMIGIELSKI,22,174
343,NIKOLA,CHROMIŃSKA,24,370
344,ZDZISŁAW,MROCZKOWSKI,20,220
345,LENA,ZMORZYŃSKA,22,858
346,MARCIN,STANEK,20,164
347,FILIP,PAWLAK,22,743
348,URSZULA,SMOCZEK,21,319
349,ROZALIA,ŁOBODA,20,704
350,JADWIGA,KULESZA,21,386
351,IHOR,ZIELIŃSKI,18,283
352,JOEL,URBAN,25,937
353,MAKSYMILIAN,KWIATKOWSKI,20,430
354,ARKADIUSZ,DWORNICZAK,20,512
355,WIKTORIA,RYCHLIK,21,575
356,MARIOLA,PACHOLSKA,24,338
357,IZABELA,TOPCZEWSKA,24,201
358,WOJCIECH,KARGUL,19,213
359,KATARZYNA,PARAMONOVA,25,598
360,WŁODZIMIERZ,ANDRZEJEWSKI,19,672
361,PAVLO,KORMAN,18,511
362,KINGA,WIECZOREK,25,413
363,STANISŁAW,ZALASA,23,190
364,MONIKA,PRANGA,23,454
365,RASUL,KROK,18,551
366,PATRYCJA,ŁECHTAŃSKA,19,903
367,JANNE,DUSIŃSKI,19,820
368,MARCELINA,KUBACKA,26,556
369,MAŁGORZATA,LESIŃSKA,25,577
370,BEATA,KARPIŃSKA,21,375
371,HENRYK,KAPELA,26,85
372,HANNA,KALAFARSKA,18,611
373,SZCZEPAN,JAROŃ,21,237
374,ANDRZEJ,FALGER,19,478
375,ROMUALDA,DOLECKA,24,814
376,JERZY,PASIEKA,23,571
377,URSZULA,PAUL,26,632
378,MARIA,WOJTOWICZ,26,203
379,ZUZANNA,BANAŚ,18,262
380,ANNA,PASIKOWSKA,23,802
381,SŁAWOMIR,KĘDZIERSKI,21,937
382,PIOTR,WŁADARZ,19,70
383,WIKTOR,WAWRZYŃCZAK,22,138
384,DAMIAN,PALUS,26,275
385,IWONA,ŁABĘDA,26,979
386,JADWIGA,GRABIWODA,23,345
387,RAFAŁ,PIEKARSKI,19,15
388,ALICJA,WÓJCIKIEWICZ,23,665
389,LIDIA,DĘBIŃSKA,18,516
390,GERARD,WIERZBICKI,24,171
391,ELŻBIETA,PYTLIŃSKA,21,846
392,ELŻBIETA,KOWALCZYK,18,102
393,STANISŁAW,GUZEWICZ,20,171
394,GRZEGORZ,SZCZYPIOR,21,411
395,IWONA,SCHIER,21,400
396,JERZY,DANEK,20,452
397,PIOTR,LUBIENIEC,24,679
398,WIKTOR,LEŚNIAK,24,349
399,IRENA,MARCOL,21,785
400,ALINA,SKIBA,19,353
401,OLEH,HAUZNER,24,768
402,JANINA,LEWANDOWSKA,21,495
403,MIRON,CZEKAJŁO,26,819
404,HENRYK,WŁODARCZYK,19,179
405,WALDEMAR,HALASZ,20,874
406,TERESA,ZGRYZIEWICZ,24,738
407,ZOFIA,OKUŁA,19,869
408,TOMASZ,ISLAMZADE,24,448
409,ANDRZEJ,ROLEWSKI,18,550
410,PAWEŁ,NOWIK,21,799
411,ANNA,RUSZTECKA,25,833
412,ANNA,WITKOWSKA,23,779
413,KAZIMIERZ,LASZCZAK,24,759
414,PIOTR,DOBOSZ,23,326
415,MAGDALENA,MAGDA,24,949
416,BARTŁOMIEJ,KŁYS,19,333
417,PIOTR,BINKOWSKI,18,196
418,WIKTORIA,BARTNICKA,21,363
419,MIROSŁAW,RURUA,25,183
420,ALEKSANDRA,DRABIK,18,102
421,EDITA,SMOLSKA,23,227
422,KONRAD,LENDA,21,988
423,JOANNA,WALENCIEJ,25,328
424,DAWID,MIKICIUK,19,365
425,JAN,SYROKA,20,730
426,FELIKS,KOT,21,582
427,MAŁGORZATA,ZUBIEL,24,432
428,STANISŁAW,KASS,21,912
429,ROMAN,FRIEDRICH,23,594
430,TERESA,FRYSKE,25,126
431,RAFAEL,PISZCZATOWSKI,18,263
432,MAKSYMILIAN,BOROWSKI,18,885
433,ELŻBIETA,WRÓBEL,22,522
434,KLOTYLDA,SOLIBIEDA,19,420
435,TOMASZ,KALETA,18,878
436,MARCELINA,BOCHEŃSKA,22,175
437,JOLANTA,BUŁAT,20,454
438,ANETA,MAKSIMOWICZ,19,683
439,JÓZEF,UŚCIMIUK,18,752
440,LEOKADIA,BARTOSZEK,22,486
441,ARTUR,CHOWANIEC,22,962
442,LEOKADIA,RYNKOWSKA,23,660
443,KRYSTYNA,BĄCZEK,24,623
444,ALICJA,TANDECKA,24,462
445,LILIANA,MIESZCZANIN,18,991
446,MICHAŁ,BRZYCKI,25,65
447,ELŻBIETA,SZULC,25,135
448,STANISŁAWA,WOJDYLAK,18,64
449,KATARZYNA,NICPOŃ,24,960
450,KAZIMIERZ,CIEŚLA,22,214
451,KAROLINA,ZWOLIŃSKA,20,777
452,BOGUMIŁ,GAJECKI,24,727
453,KRYSTIAN,TULEJ,24,841
454,PATRYCJA,JÓZEFIAK,23,346
455,WOJCIECH,NEI,21,645
456,YEVHENII,BONDARENKO,20,177
457,ZENON,WIECZOREK,19,77
458,PAULINA,BISKUPSKA,22,547
459,KAZIMIERZ,ŻOŁĄDŹ,22,375
460,ROZALIA,SAUCHANKA,24,894
461,HANNA,CHODOŁA,18,290
462,RENATA,GŁÓD,25,144
463,WOJCIECH,BŁASZCZYK,22,692
464,ELŻBIETA,REKOWSKA,18,877
465,MATEUSZ,KWIECIAK,23,698
466,MAŁGORZATA,BOGACZ,23,897
467,BOGUSŁAW,SOWIŃSKI,20,465
468,DANUTA,PŁONKA,19,898
469,MARIA,MANIA,20,696
470,PIOTR,KUBIK,23,171
471,JUSTYNA,GACA,23,320
472,KRZYSZTOF,KRZYMOWSKI,24,845
473,WIKTOR,VASYLCHUK,19,213
474,HANNA,GRZEŚKOWIAK,20,494
475,JACEK,SIENKIEWICZ,19,184
476,MIROSŁAW,BARANOWSKI,26,949
477,BRAYAN,KOWALCZYK,24,382
478,JERZY,HUK,25,159
479,RAFAŁ,CICHOŃ,19,215
480,EMILIA,GORCZYCA,21,170
481,KRYSTYNA,STOLARCZYK,19,221
482,MARTYNA,MOLAS,20,498
483,PATRYCJA,JAKUBOWICZ,23,438
484,ADRIANNA,TWAROWSKA,23,424
485,KRZYSZTOF,MOTOWIDŁO,19,624
486,TERESA,GRZESŁO,18,104
487,ANNA,KOŚCIUCH-BIGOS,20,561
488,JUSTYNA,BARANOWSKA,25,968
489,PIOTR,TYSKI,19,81
490,AGNIESZKA,KEMPA,26,56
491,JÓZEF,WASSERMANN,23,930
492,WIOLETTA,KALIŃSKA,23,98
493,KLARA,PAŃCZAK,19,562
494,EMILIA,MADEJ,21,968
495,NINA,ZAKOLSKA,19,737
496,MARCIN,CHOWAŃSKI,24,373
497,ALEKSANDRA,IMIOŁEK,26,612
498,JUSTYNA,ŁASZCZAK,20,315
499,MARIUSZ,LECH,19,857
500,KAMIL,GORĄCY,24,351
501,ADAM,STACHOWICZ,23,277
502,KATARZYNA,KOSMALA,19,605
503,ANDRII,MUŚNICKI,20,618
504,BOGDAN,NYCZKA,20,641
505,PIOTR,RUDZKI,25,723
506,JOANNA,BORCAN,23,522
507,PIOTR,TABAŁA,20,606
508,PAULINA,ŚLUSARZ,19,363
509,KLAUDIUSZ,PACUŁA,26,17
510,MARZENA,ANDRZEJUK,18,13
511,ANDRZEJ,KARWINA,25,938
512,DMYTRO,BRACELLI,21,150
513,BARTOSZ,BORWIN,21,413
514,ANNA,KAWKA,21,805
515,ULADZIMIR,POCHROŃ,25,123
516,BARBARA,WODZIŃSKA,21,158
517,KONRAD,SUSKI,20,355
518,PATRYK,MISIEWICZ,21,299
519,IHOR,SZAJDA,19,106
520,PIOTR,SZUBARCZYK,24,182
521,NATAN,SADŁO,19,858
522,DARIUSZ,WYDRA,21,149
523,MIROSŁAW,CHYBOWSKI,23,76
524,SABINA,JAKUBOWIAK,21,837
525,KRZYSZTOF,JAROWICZ,22,172
526,ŻANETA,WYPYSZYŃSKA,22,28
527,HENRYK,KOWALAK,24,417
528,GABRIEL,PIASZCZYK,19,663
529,JÓZEF,FIGURA,20,332
530,ANDRZEJ,ZIOMEK,25,768
531,ELŻBIETA,DAMASCHEK,19,129
532,WERONIKA,LYSSY,20,769
533,TOMASZ,URASZEWSKI,25,942
534,MICHALINA,CHALIMONIUK,21,459
535,MARIUSZ,RUCIŃSKI,20,998
536,KLAUDIA,MACIEJEWSKA,25,954
537,OSKAR,ZIENKIEWICZ,21,572
538,MARIUSZ,MICHALSKI,19,129
539,PIOTR,FALIS,20,369
540,KRYSTYNA,LIPIŃSKA,21,547
541,TERESA,PACIA,19,284
542,FILIP,WRÓBEL,23,986
543,ADELAJDA,SĘDECKA,19,490
544,MAGDALENA,BRACHMAN,21,992
545,IGOR,WARMBIER,21,557
546,PIOTR,JAGŁOWSKI,25,568
547,MARCIN,DOŁŻYŃSKI,19,610
548,MARTA,WYPYCHOWSKA,20,711
549,MICHAŁ,USATENKO,25,665
550,DAWID,SAWARYN,24,239
551,EWELINA,CHRZĘSZCZYK,18,204
552,STANISŁAW,SKOŁUDA,20,576
553,ELEONORA,WRÓBLEWSKA,20,277
554,NIKOLA,SHRAM,19,387
555,ALEKSANDRA,MARTUSZEWSKA,22,403
556,MARIA,KUCZERA,21,721
557,ANETA,CIEPLIŃSKA,18,421
558,IGOR,SAWICKI,26,42
559,JANUSZ,ZAKRZEWSKI,20,135
560,KRYSTYNA,BARAN,21,892
561,AGNIESZKA,BŁASZKIEWICZ,20,507
562,KAMIL,MENTELOWSKI,21,472
563,MICHAŁ,JAWORSKI,25,384
564,ŁUKASZ,STARCZEWSKI,19,943
565,JAGODA,KALOTA,18,663
566,ZUZANNA,ŚLEDZIEWSKA,23,768
567,KAROLINA,PIOTROWSKA,23,547
568,JAN,MISTOL,18,423
569,WIOLETTA,SZCZEPKOWSKA,23,728
570,JAMES,KARWOWSKI,26,117
571,JAROSŁAW,KAROLAK,21,282
572,ARTUR,JANUSZ,24,346
573,IZABELA,LYNCH,25,985
574,ZOIA,LATOWSKA,23,125
575,MAREK,GAUDY,25,462
576,MIECZYSŁAW,SZABELKOWSKI,24,8
577,LESZEK,GAŁECZKA,22,32
578,ROBERT,GURDZIEL,25,118
579,PAWEŁ,BATOR,19,137
580,JUSTYNA,ZIELIŃSKA,20,197
581,MAKSYM,KOWALCZYK,20,928
582,PATRYK,BAHYRYCZ,20,369
583,KAZIMIERZ,CISEK,22,872
584,JANINA,NOCOŃ,21,445
585,MAGDALENA,WOJTKOWIAK,25,664
586,NATALIA,SOKOŁOWSKA,21,935
587,ZUZANNA,PERSSON,22,900
588,PAWEŁ,KCIUK,24,4
589,PIOTR,BORUCKI,18,259
590,MAGDALENA,SĘDROWSKA,18,811
591,AMELIA,RYDZ,20,79
592,WIKTOR,ROZMYSŁOWICZ,19,424
593,DOROTA,LELEWSKA,18,879
594,JOLANTA,GBURZYŃSKA,19,910
595,KATARZYNA,RUCIŃSKA,24,5
596,MARIA,SULIGA,18,285
597,KAMIL,OZOLINS,22,401
598,MACIEJ,PARADOWSKI,26,768
599,RENATA,GRUDNIK,21,433
600,HALINA,KOVALCHUK,25,133
601,EWA,KOŃCZAREK,26,62
602,ANDRZEJ,OLSZYNA,22,298
603,GRZEGORZ,ULATOWSKI,24,631
604,PATRYK,SPAŁA,26,922
605,DAWID,SHAPILOV,23,293
606,NAZAR,WITKOWSKI,19,29
607,MICHAŁ,PABICH,26,96
608,EWA,OSIECZKO,25,994
609,ŁUKASZ,BRZEZIŃSKI,19,417
610,ŁUKASZ,ŁAPIŃSKI,19,165
611,DANUTA,SAWICKA,20,616
612,KINGA,WOŹNA,20,357
613,DOROTA,SIKORA,18,244
614,BARBARA,SŁOMSKA,24,280
615,DAWID,MECNER,19,229
616,MARIA,SKÓRA,23,85
617,MICHAŁ,JURGIELEWICZ,26,677
618,MEHMET ALI,MACIEJEWSKI,26,13
619,JAKUB,MATUSIAK,21,361
620,DOROTA,PŁAWNY,26,946
621,PATRYK,KAŹMIERCZUK,25,946
622,DARIUSZ,SASINOWSKI,23,498
623,JEANNINE,KOŻUCHOWSKA,25,424
624,JAROSŁAW,KRZAK,24,640
625,ANDRZEJ,NAWARA,20,537
626,TOMASZ,ŁUKASZEWSKI,26,246
627,ZBIGNIEW,FURTAK,23,403
628,HUBERT,KUCHARSKI,21,296
629,HUBERT,CZYŻOWSKI,20,698
630,BARBARA,ROSIAK,24,767
631,MARIUSZ,ZAJĄCZKOWSKI,18,787
632,BEATA,KAJMA,20,888
633,IZABELA,KRAMARZ,24,344
634,MARIANNA,ILLIASHENKO,19,153
635,SEBASTIAN,GAŁATA,20,210
636,PATRYCJA,DUDZIC,24,351
637,PIOTR,BAJOR,20,805
638,ZEEV,BIAŁEK,26,964
639,MAGDALENA,KALISZUK,24,172
640,MARCIN,YEVKODIMOV,22,41
641,EMILIA,WAŁACH,19,979
642,ŁUKASZ,OGRODOWCZYK,18,145
643,DOROTA,ZARĘBA,21,60
644,MAŁGORZATA,GRZYWACZ,26,611
645,JULIAN,PIECHULSKI,21,783
646,BARBARA,PRZANOWSKA,25,280
647,ANTON,OŁOWSKI,18,777
648,JÓZEF,KAMUDA,19,427
649,JAROSŁAW,KRUHLIAK,19,161
650,PATRYK,SADOWSKI,23,808
651,LESZEK,WITMAN,24,704
652,DAMIAN,KWIATKOWSKI,20,415
653,CECYLIA,JANERKA,26,255
654,URSZULA,CYRAN,21,891
655,SEBASTIAN,BANASZEK,25,92
656,ZOFIA,RÓŻAŃSKA,25,287
657,JANINA,ZAKRETA,20,136
658,IVY,CZAPLA,25,933
659,JUSTYNA,SABA,22,584
660,SYLWIA,CICHOSZ,25,202
661,MARCEL,ZAGŁOBA,21,477
662,ROMANA,MOŁEK,20,594
663,BARBARA,MĄCZKA,18,910
664,ALEKSANDRA,WOLSKA,23,826
665,ZBIGNIEW,MOLENDA,25,739
666,JOLANTA,PYCIOR,24,929
667,MIKOŁAJ,PIWOWARCZYK,24,281
668,GABRIELA,PRZYBYSZ,21,589
669,STANISŁAW,GRYBEL,21,244
670,ANTONI,MAZEPA,23,688
671,MAŁGORZATA,KALUS,23,861
672,MARIUSZ,WACH,26,785
673,BORYS,STAŃCZYK,26,579
674,GENOWEFA,SZCZEPAŃSKA,21,349
675,MIECZYSŁAWA,OLBRYCH,18,289
676,ANNA,CIERPIOŁ,23,276
677,EMILIA,KUBAŃCZYK,22,38
678,DOMINIKA,KUCHARSKA,22,366
679,MONIKA,MAZUR,21,632
680,KRYSTYNA,GOŁĘBIOWSKA,18,536
681,DMYTRO,TOKARSKI,25,679
682,JADWIGA,WYDRYCH,23,272
683,BOŻENA,GAŁĄZKA,24,378
684,MAJA,STEFANOWICZ,26,361
685,MICHAŁ,PIEKARSKI,20,831
686,ARLETA,DEMBEK,20,63
687,PIOTR,KUCHARSKI,25,822
688,MAGDALENA,KLIMA,20,347
689,TADEUSZ,TRACZUK,22,743
690,ZBIGNIEW,KWAŚNICKI,25,236
691,MAJA,CHOMICZ,24,247
692,LILIANNA,DROZDOWSKA,24,478
693,KRYSTYNA,KOŚCIOŁOWSKA,26,199
694,JAN,DĄBROWSKI,26,204
695,MAREK,JURGILEWICZ,19,962
696,MARCIN,KROPACZEWSKI,18,951
697,ANNA,MISZEWSKA,23,336
698,SANDRA,FERENS,18,814
699,MARTYNA,RADUSZEWSKA,18,878
700,MARTA,GOŁAWSKA,25,159
701,ALEKSANDRA,WASIK,26,16
702,JAKUB,NAWROT,24,686
703,MAŁGORZATA,PIETRZAK,19,801
704,DANUTA,CYRAN,25,191
705,WIKTOR,SZALENIEC,23,715
706,MICHAŁ,KOWALCZYK,25,886
707,ANETA,BOHACZYK,18,569
708,OLEKSANDR,DAWID,24,812
709,WOJCIECH,BRONSON,23,220
710,MAGDA,SZCZEPKOWSKA,22,795
711,TOMASZ,TUSK,25,286
712,MARTA,GRABOWSKA,23,539
713,KRYSTYNA,SZCZERBA,18,652
714,PIOTR,SOBOTA,25,394
715,PAWEŁ,KROKOS,19,996
716,IZABELA,KWAPIEŃ,22,161
717,KRZYSZTOF,SOROCZYŃSKI,18,682
718,ELŻBIETA,PEREDERII,25,882
719,EWELINA,RAJCHOWSKA,20,113
720,BARBARA,PODLIPNY,22,743
721,PATRYK,KOSTKA,26,489
722,WIESŁAW,PRZEWOŹNY,26,860
723,WIESŁAWA,MALICZOWSKA,21,467
724,MIROSŁAWA,MOŁYŃ,26,570
725,MAKSYMILIAN,ZUBALA,24,250
726,BOŻENA,KOŁDYKA,21,180
727,MARIUSZ,ŁEBKOWSKI,18,592
728,GRAŻYNA,PIĄTEK,24,944
729,KAMIL,OKONEK,25,282
730,MARIUSZ,BURDA,21,355
731,JÓZEF,KUROPATWA,23,104
732,MARZENA,ŚWIĄDER,21,745
733,ZBIGNIEW,BABIAK,25,855
734,MARCEL,TOMASZEWSKI,21,943
735,MARZENA,KRULIKOWSKA,23,509
736,KRZYSZTOF,KRUPA,21,168
737,KAROLINA,NOWAK,25,149
738,LESZEK,LEGUCKI,26,496
739,ALINA,LIGOCKA,24,683
740,KATARZYNA,SOBCZYŃSKA,24,380
741,ELIZA,STĘPNIEWSKA,25,830
742,TERESA,MICHALCZYK,20,487
743,MACIEJ,ANTSYPAU,18,707
744,ARTUR,KISIEL-SOUET,18,47
745,MACIEJ,MAINKA,23,518
746,KACPER,KOWALIK,21,724
747,ŁUKASZ,MACH,25,298
748,JANUSZ,FURMAŃSKI,19,842
749,CELINA,BRUZDA,26,637
750,MAURYCY,NIKIEL,18,876
751,WALDEMAR,CZERNIAWSKI,18,991
752,MARTA,PUCHAŁA,21,802
753,KRYSTYNA,NAGŁY,18,438
754,EDYTA,GORZAŁCZANY,19,333
755,TERESA,MILCZAREK,18,642
756,GABRIELA,ŁABĘDŹ,21,275
757,KRZYSZTOF,MERWIŃSKI,22,477
758,JADWIGA,CHRUPEK,22,968
759,MACIEJ,OLSZEWSKI,19,9
760,MARCIN,KAJZEREK,25,664
761,MALKHAZ,ŻAK,26,582
762,MARIKA,PODKRÓLEWICZ,26,762
763,JÓZEF,STETSENKO,18,773
764,OSKAR,KRAIŃSKI,20,860
765,ELWIRA,LASEK,23,497
766,ALBINA,SZYMANOWSKA,18,358
767,HENRYK,MYNART,19,50
768,ANTONI,KOŁODZIEJCZYK,25,464
769,ŁUKASZ,KOWALKO,24,258
770,ANNA,NIEĆ,22,714
771,ALEKSANDRA,KAMEDUŁA,20,404
772,SZYMON,SZKUP,18,872
773,KRYSTYNA,GRZECHNIK,26,366
774,KAMIL,PIEKŁO,21,876
775,WOJCIECH,KACZOR,22,694
776,JAN,DWORKOWSKI,20,908
777,ANDRZEJ,TATARCZAK,19,712
778,ANNA,SYNCEREK,26,696
779,BRUNO,SINKIEWICZ,23,348
780,IWONA,SZTABA,18,64
781,ARKADIUSZ,MYSZCZYSZYN,20,338
782,SŁAWOMIR,CIERPIAŁ,26,889
783,WIKTORIA,KOLIBABA,22,57
784,JAN,WIŚNIEWSKI,20,368
785,GRZEGORZ,EGLER,18,752
786,DAWID,STACHOWIAK,24,538
787,ANDRZEJ,KUŚNIERZ,19,115
788,MIECZYSŁAW,WOJCIECHOWSKI,26,715
789,ROZALIA,SMYK,26,967
790,HENRYK,ŁUKASIK,21,679
791,NINA,SOBARNIA,20,82
792,NADIA,PAJĄK,26,106
793,DARIUSZ,TOMASZEWSKI,25,595
794,JOLANTA,KMITA,23,452
795,RENATA,ZBYTNIEWSKA,22,345
796,BARBARA,MARUT,18,894
797,QIAN,GRABAREK,26,343
798,SEBASTIAN,WARDA,19,706
799,HELENA,GARCZEWSKA,22,749
800,JAKUB,OBARZANEK,20,867
801,DANIEL,ŻEŁUDZIEWICZ,25,454
802,JERZY,ZAWADZKI,19,393
803,GRZEGORZ,SADOWSKI,19,601
804,OLEKSII,GONDEK,25,445
805,KRZYSZTOF,TOPOLSKI,26,807
806,GRZEGORZ,KUCHARSKI,25,454
807,KRYSTYNA,PATEREK,22,834
808,BEATA,DUDZIŃSKA,24,932
809,TYMON,TOKARZEWSKI,23,895
810,JAN,KOWALCZYK,21,689
811,EMANUELA,STASIOREK,22,424
812,IWONA,GETKA,20,168
813,KRYSTYNA,HAJNYSZ,24,493
814,KACPER,DOBROWOLSKI,26,364
815,ADAM,OSZMIAN,20,288
816,ALEX,KUCHARCZYK,26,521
817,MARIUSZ,WIEJACHA,22,679
818,AGNIESZKA,KOSSOWSKA,24,633
819,PIOTR,KOMOSIŃSKI,24,622
820,OLENA,KRYSIAK,19,958
821,PETAR,GEMBAL,19,603
822,KALINA,BORODINA,18,396
823,GRZEGORZ,ADAMSKI,25,344
824,ELEONORA,JASIEWICZ,26,238
825,MARIA,KOZŁOWSKA,24,476
826,LEONARDA,DWORACZEK,20,929
827,LILA,KALBARCZYK,21,973
828,DARIUSZ,KORYTKOWSKI,24,680
829,KRZYSZTOF,TYSZECKI,24,503
830,YULIIA,KRAWCZYK,24,410
831,KACPER,RĄCZKA,22,545
832,AGNIESZKA,WAŁACHOWSKA,20,486
833,WŁODZIMIERZ,KLUGA,19,789
834,PIOTR,KUCHAREK,24,459
835,MARGARET,CHROBOT,24,476
836,EWELINA,PODGÓRSKA,24,254
837,MARCIN,SIWICKI,18,762
838,DAMIAN,DRZEWIECKI,20,382
839,BARTŁOMIEJ,MARKUS,18,176
840,BEATA,MAGIEROWSKA,20,288
841,DANIEL,KAMIŃSKI,18,425
842,JAN,BAŃKOWSKI,23,556
843,BEATA,EATON,19,928
844,FRANCISZEK,KRENCZKOWSKI,24,13
845,JAN,SZREDER,22,779
846,JAKUB,GOCZOŁ,24,53
847,KRZYSZTOF,WALCZAK,23,864
848,KAROLINA,SIEKLICKA,19,734
849,TERESA,ZDUNEK,19,69
850,JOANNA,GORCZYŃSKA,21,532
851,KACPER,TARASZKIEWICZ,19,336
852,ANNA,MOSZ,20,278
853,WIKTOR,PLATA,22,254
854,TERESA,KURCEWICZ,25,973
855,ZENOBIA,KOZACZUK,18,492
856,LIDIA,KOLANO,18,852
857,PIOTR,REY,18,430
858,HENRYK,STRZELCZYK,20,300
859,IWONA,MISZTELA,18,30
860,JERZY,GRAJKO,19,785
861,ANNA,FRACKIEWICZ,21,835
862,MAKSYM,SIEMIATKOWSKI,19,802
863,PIOTR,PANICZEK,20,99
864,NATALIA,WÓJCIK,26,273
865,MARTA,HAJDUK,23,557
866,PIOTR,JURKIEWICZ,20,854
867,MATEUSZ,DUDEK,22,268
868,TERESA,GRABOWICZ,25,746
869,MAGDALENA,MEJCZ,21,402
870,MARTA,GROTA,19,486
871,ADAM,HYSKI,19,499
872,NELA,MOSTOWY,23,919
873,KATARZYNA,PARYSZ,19,285
874,PATRYK,KAŁYŃ,20,177
875,WOJCIECH,ROSOLAK,22,102
876,ALDONA,KOCEMBA,19,791
877,MARIUSZ,LESZCZYŃSKI,26,232
878,MIROSŁAWA,BRUDŁO,22,258
879,DANUTA,KULA,18,217
880,MACIEJ,KASPEREK,20,478
881,EWA,DROŻDŻ,24,689
882,MAŁGORZATA,ZIĘTEK,20,146
883,MARCIN,KAMIENIECKI,26,100
884,MICHAŁ,BEDNARSKI,19,991
885,WOJCIECH,KASIŃSKI,20,706
886,ROBERT,HRABOVENSKYI,26,459
887,PAWEŁ,KACZMARCZYK,25,436
888,SZYMON,DYMEL,22,605
889,KLAUDIA,WYSZYŃSKA,22,865
890,MIŁOSZ,ANDERSCH,25,924
891,PRZEMYSŁAW,KUCZYŃSKI,20,990
892,DOROTA,MILKO,21,788
893,EWA,STASZEL,25,478
894,GRZEGORZ,LELKO,22,933
895,KAROL,SOBCZYŃSKI,22,727
896,EMIL,OBROSOW,23,353
897,JOANNA,DANIK,19,972
898,MARIA,KOPROWSKA,18,81
899,DOMINIK,LIMANOWSKI,24,264
900,KRYSTYNA,KRUKOWSKA,23,922
901,MARIAN,KARCZEWSKI,20,39
902,MARCIN,KLIMCZAK,25,138
903,ZUZANNA,RAJZYNGIER,23,526
904,ŁUKASZ,WOŹNIAK,23,978
905,HANNA,IZDEBSKA,25,140
906,ASTRELLA,SKONECZNA,22,726
907,PIOTR,LUWIERSKI,24,806
908,HELENA,TARARYJ,24,158
909,BOGUSŁAW,ŁUKASIEWICZ,23,63
910,PIOTR,MICHNO,25,4
911,ROBERT,WAGAN,26,165
912,KRYSTYNA,KIJAS,23,541
913,IRENA,PAWLIK,26,62
914,ERNEST,TOKAR,24,90
915,DOROTA,KOSINIAK,26,174
916,KATARZYNA,KORNILUK,24,183
917,ALEKSANDRA,BOŻEK,26,12
918,MAGDALENA,KACZOROWSKA,18,934
919,WŁADYSŁAW,MARKIEWICZ,23,718
920,STEFAN,GĘBALA,21,492
921,JULIA,MICHALIK,23,761
922,TOMASZ,ZMUDA,19,550
923,ZBIGNIEW,JANISZEWSKI,26,618
924,AGNIESZKA,PIWIŃSKA,19,79
925,ZUZANNA,KLOF,25,989
926,MARCO,CZARNOTA,18,439
927,MARIANNA,PĘKAŁA,23,89
928,GABRIELA,KIERZEK,22,208
929,ALEKSANDRA,UMAŃSKA,20,396
930,ANDRZEJ,KOWALSKI,18,854
931,ALICJA,ULMAN,21,893
932,KRYSTYNA,GALAS,18,603
933,ZBIGNIEW,KWAŚNIEWSKI,20,660
934,ZUZANNA,WAWRZYN,24,190
935,WIKTOR,SOSIŃSKI,19,307
936,KAROLINA,PIĄTEK,24,767
937,BARBARA,SZCZECHOWSKA,19,170
938,LUCYNA,GRABOWSKA,20,847
939,STANISŁAW,MANDRELA,20,179
940,AGNIESZKA,UGANOWSKA,18,966
941,PATRICK,BARSZCZEWSKI,26,268
942,ANNA,PORYS,22,313
943,ZUZANNA,KOZON,19,994
944,KAROLINA,PALUSZKIEWICZ,21,11
945,SZYMON,PANEK,26,622
946,KACPER,KLUCZNIK,24,464
947,ADAM,FOKS,19,126
948,OLIWIA,BUSH,24,684
949,MARIAN,ALBINGIER,20,969
950,JAN,MIELCZAREK,20,780
951,MAGDALENA,RUSZCZYK,21,761
952,BARBARA,KUPCZAK,23,419
953,MICHAŁ,TARASENKO,24,985
954,MIROSLAV,SOKOŁOWSKI,20,73
955,GENOWEFA,GOTOWICKA,22,566
956,RAFAŁ,WRUCK,19,869
957,STANISŁAWA,ZIEMIRSKA,26,329
958,SZCZEPAN,BANASIAK,26,268
959,KAMIL,MEJER,20,680
960,JOANNA,WIESE,20,157
961,PAWEŁ,LIPIETA,22,427
962,AGNIESZKA,LECH,23,660
963,IWONA,PYTER,21,249
964,TADEUSZ,WĄSOWSKI,21,385
965,NATALIA,GAŁĄZKA,21,938
966,ZDZISŁAW,WIELANEK,21,297
967,ZUZANNA,PAWŁOWSKA,25,183
968,JADWIGA,JASKOWSKA,26,757
969,WIOLETA,TOMCZYK,25,607
970,NATALIA,BOROWIK,19,218
971,MICHAŁ,KOJDER,18,67
972,WERONIKA,FRONCZAK,22,568
973,DANUTA,MATUŁA,25,614
974,BARBARA,CZORY,18,924
975,MACIEJ,SUDER,25,279
976,MAREK,RUS,24,972
977,MYKOLA,SKUPSKI,26,740
978,MARIANNA,KORDAŚ,26,558
979,MIKOŁAJ,SNOPEK,26,819
980,MATEUSZ,MACEK,23,226
981,LIDIA,GÓRAL,24,719
982,IGOR,LESNER,18,976
983,KINGA,SOBIECH,26,756
984,TYMUR,ADAMSKI,20,434
985,TOMASZ,SIEROŃ,25,681
986,PAULA,WOJTAL,26,146
987,ANNA,MATEJEK,23,593
988,JANUSZ,BŁACHNIO,25,896
989,WALDEMAR,NOWAK,24,706
990,MICHAŁ,MAKUŁA,22,985
991,PIOTR,EICHNER,22,547
992,ANTONI,WOŹNIAK,20,323
993,PATRYCJA,ADAMCZYK,19,489
994,LIDIA,PRZYBYSZEWSKA,19,4
995,WOJCIECH,KONOFAŁ,23,296
996,PIOTR,MALIŃSKI,21,696
997,NADIA,PISAREK,19,983
998,AGNIESZKA,DUBIEL,25,213
999,NOAM,TRACZ,18,76
1000,CZESŁAWA,HERNIK,26,868
1001,HALYNA,KRYŃSKA,25,704
1002,KATARZYNA,HOFFMANN,24,364
1003,ELŻBIETA,WOJGIENICA,22,12
1004,MAJA,SKELNIK,24,351
1005,SEBASTIAN,WILCZYŃSKI,20,615
1006,URSZULA,CZACZYK,22,351
1007,KAZIMIERZ,GRZEGORCZYK,26,968
1008,ELENA,BRALEWSKA,20,476
1009,MICHALINA,DUDEK,19,764
1010,SZYMON,WIELGOSZ,23,205
1011,DANIELA,FURCZYŃSKA,23,780
1012,ZOFIA,ZAMBRZYCKA,19,502
1013,MAGDALENA,LEWANDOWSKA,26,172
1014,ALEKSANDER,MILEWSKI,23,977
1015,SYLWIA,WESTERSKA,23,187
1016,DOROTA,FERENS,18,645
1017,PAWEŁ,MARCINIAK,21,501
1018,JAN,NARÓG,19,161
1019,ANTON,OKORO,25,809
1020,SEBASTIAN,KONIECZKA,19,279
1021,MARCIN,ROSA,19,716
1022,FRANCISZEK,BĄK,22,558
1023,PAWEŁ,WYRWA,20,971
1024,IZABELLA,PILARSKA,25,42
1025,ANGELIKA,LUBAŚ,18,293
1026,POLA,BĘDZIAK,19,576
1027,MANUELA,GŁOWACKA,18,404
1028,ANDRZEJ,DUCZYŃSKI,24,447
1029,NIKOLA,GALIK,23,685
1030,MIECZYSŁAW,MAREŃCZAK,19,40
1031,KAMILA,WAL,18,847
1032,JOLANTA,KUBACKA,19,401
1033,OLGA,KASPRZYK,20,711
1034,EDWARD,KAFLIK,26,303
1035,JOANNA,BEŁDOWSKA,20,668
1036,BARBARA,MICHALSKA,25,635
1037,AGNIESZKA,KRYSTKOWIAK,26,538
1038,ARKADIUSZ,ZDRZAŁEK,26,773
1039,ZBIGNIEW,CZYŻ,19,800
1040,PRINCESS,ZMYSŁOWSKA,23,256
1041,SZYMON,CIENIUCH,21,59
1042,MONIKA,KULIG,22,794
1043,DMYTRO,MAOR,18,525
1044,KATARZYNA,GRZEGORZEWSKA,22,92
1045,NIKOLA,JAKUBOWSKA,22,996
1046,BŁAŻEJ,MICHALSKI,22,314
1047,ANNA,ZAWADZKA,21,763
1048,ŁUKASZ,SKLARZYK,19,177
1049,MAREK,GĄSIENICA,18,488
1050,JAKUB,KAMYKOWSKI,25,52
1051,PATRYCJA,OCHRYMCZUK,19,9
1052,ANDRZEJ,GUDZYK,19,959
1053,WOJCIECH,MOZGAWA,26,558
1054,MIECZYSŁAW,SIMEONOV,24,419
1055,LIDIA,SOŁTYSIK,25,661
1056,BOŻENA,ZUBA,25,552
1057,LUCYNA,GIERSZAL,19,754
1058,RENATA,PIESZAK,19,604
1059,GRZEGORZ,ZALEWSKI,18,597
1060,ŁUKASZ,ORŁOWSKI,25,983
1061,KAROLINA,SCHARF,21,542
1062,OSKAR,MIERZEJEWSKI,26,424
1063,JANUSZ,DEPTULSKI,22,27
1064,NINA,RYCHLICKA,23,47
1065,MARIA,SZYMANOWSKA,20,261
1066,WALDEMAR,OPARA,23,641
1067,BEATA,SKRZYPCZAK,19,942
1068,BOGUSŁAWA,KITA,18,654
1069,TOMASZ,OLTON,24,757
1070,GABRIEL,JANAS,23,291
1071,MIROSŁAW,DUBIŃSKI,24,924
1072,KAROLINA,BOROWIEC,22,562
1073,AMELIA,KUGUK,23,157
1074,KRZYSZTOF,HANUSIAK,21,388
1075,ALEKSANDER,ŚWIĘCH,22,372
1076,PIOTR,BOGUTA,20,654
1077,JACEK,JURAS,23,15
1078,MYKOLA,DĄBROWSKI,26,527
1079,ADAM,PRASLOV,23,366
1080,KAROLINA,CZAJA,18,312
1081,HELENA,PALIWODA,25,436
1082,KAZIMIERZ,KOZIEŁ,19,429
1083,MACIEJ,WALEWICZ,22,462
1084,JAN,MARCINIEC,22,491
1085,MICHAŁ,URBANOWICZ,23,604
1086,ŁUKASZ,BORUTA,26,649
1087,SŁAWOMIR,KOWAL,20,127
1088,KAROL,BALCER,19,228
1089,ADAM,KOBIERSKI,23,744
1090,KAMIL,VOVK,23,902
1091,ANDRZEJ,DZIASEK,22,275
1092,GRZEGORZ,PIKUŁA,20,883
1093,TADEUSZ,RUDNICKI,26,687
1094,MARCIN,KACZMAREK,23,310
1095,KRZYSZTOF,MECH,22,133
1096,JANUSZ,MŁYNARSKI,26,854
1097,ADAM,GÓRNIK,25,979
1098,MATEUSZ,SZUMAŃSKI,24,486
1099,ROMAN,REGUCKI,24,239
1100,ELISABED,ŁAWRYNOWICZ,22,449
1101,MARIAN,PIEPER,19,305
1102,HENRYKA,KORZEKWA,21,982
1103,OLIWIA,BŁASZKIEWICZ,26,187
1104,GENOWEFA,BOGDANOWICZ,22,155
1105,ROBERT,MAŚLAKIEWICZ,19,524
1106,KRZYSZTOF,BOJAR,26,633
1107,AGNIESZKA,LUDWICZAK,20,645
1108,TOBIASZ,BOROWIEC,20,333
1109,DANIEL,MARKO,18,850
1110,DOMINIK,WERNER,23,191
1111,CECYLIA,WOJACZEK,18,596
1112,LESIA,SYNOWIEC,23,685
1113,KAMILA,KOMOROWSKA,23,761
1114,JAN,DOLIŃSKI,18,659
1115,MICHAŁ,POLAK,26,892
1116,IRENA,RAMZI,26,978
1117,MARCIN,JANOWSKI,20,686
1118,DAMIAN,LESZCZYŃSKI,24,704
1119,RENATA,KURMAN,21,351
1120,EUGENIUSZ,GOŁĘBIOWSKI,23,196
1121,MARIANNA,KLEPA,25,195
1122,SYLWIA,CIOSEK,26,717
1123,STANISŁAW,BOCHEN,23,900
1124,JOANNA,PICZ,19,372
1125,IGNACY,WEWIÓRSKI,26,266
1126,AURELIA,PAWLUK VEL MIKOŁAJCZUK,19,304
1127,MARCIN,MUKOSA,24,351
1128,STANISŁAW,LISEWSKI,18,539
1129,TOMASZ,NALEPA,23,186
1130,MAJA,DZIERŻYK,19,558
1131,PAULINA,WIETRZYK,24,126
1132,MARTA,KOPKO,22,193
1133,BARBARA,KRYŚKÓW,25,110
1134,IWONA,KOWALSKA,26,229
1135,SERHII,MIGIEL,20,781
1136,MARIANNA,PRZYBYLSKA,25,932
1137,KRZYSZTOF,WYRZYKOWSKI,18,262
1138,MAGDALENA,RYCHLICKA,19,222
1139,LAURA,ŚLIWA,18,784
1140,WANDA,CZAJKA,25,403
1141,KATARZYNA,POBŁOCKA,22,934
1142,AGNIESZKA,RUSZCZYŃSKA,25,89
1143,EMILIA,GIBAŁA,23,374
1144,HERMINA,CZEPULONIS,22,310
1145,GRZEGORZ,SABAT,20,739
1146,EWA,KASPROWICZ,25,326
1147,MARIAN,SZTANGIERSKI,21,997
1148,BARBARA,KOMISARCHUK,23,875
1149,AGATA,BAKOTA,21,292
1150,HALINA,PAWŁOWSKA,20,893
1151,PAULINA,RAŹNIAK,20,969
1152,EDYTA,ŻAGLEWSKA,26,343
1153,KRZYSZTOF,STAŃCZAK,24,566
1154,JADWIGA,TERESHCHENKO,18,571
1155,MONIKA,FALIŃSKA,24,991
1156,BARTOSZ,SAGAN,25,23
1157,CEZARY,ŁUCIUK,25,384
1158,IRMINA,ŚWIERCZYŃSKA,25,866
1159,KAMIL,PRZYGÓRSKI,22,591
1160,RAFAŁ,DZIUBEK,23,234
1161,JÓZEF,DRZAZGA,21,854
1162,HALINA,SŁUPSKA,24,699
1163,PIOTR,RZEPKA,19,423
1164,LUCYNA,GLENC,24,677
1165,JAKUB,REBZDA,21,610
1166,KLAUDIA,STANKIEWICZ,22,210
1167,JÓZEF,BOROWSKI,23,915
1168,MAGDALENA,GRAF,18,970
1169,STEFAN,ZHELDAK,26,13
1170,MAJA,DUNOWSKA,19,22
1171,MARIUSZ,BUJAK,21,449
1172,NATALIA,BACHUREK,20,949
1173,PAULINA,WIOSNA,24,468
1174,DARIUSZ,WODNICKI,20,683
1175,ILONA,SĄKÓL,19,441
1176,MARTA,KAMUSIŃSKA,26,573
1177,ANETA,MOKRZYCKA,26,222
1178,ARTUR,PODGÓRNI,19,6
1179,WOJCIECH,DUCKI,20,355
1180,JOACHIM,OLBRICH,24,987
1181,MAGDALENA,HANKE,24,379
1182,MICHAŁ,TEICHMANN,24,212
1183,ANDRZEJ,MOCHOL,26,737
1184,OLIWIA,JURKIEWICZ,22,57
1185,MATEUSZ,BICZYŃSKI,21,863
1186,RENATA,PUDZIANOWSKA,20,15
1187,ALEKSANDRA,WYSOCKA,20,444
1188,KRZYSZTOF,HUPERT,26,50
1189,GAJA,KRZEWIŃSKA,21,684
1190,KRZYSZTOF,KOWALCZYK,25,374
1191,IHOR,POPŁAWSKI,20,235
1192,ROBERT,BRZOZOWSKI,21,145
1193,LECH,KURZAWA,23,534
1194,FELIX,SZAFARZ,25,463
1195,ANNA,YUSHCHYK,26,271
1196,LEOPOLD,STELMASIAK,20,937
1197,NADIA,KONOPACKA,23,625
1198,NATALIA,OLECH,23,275
1199,IZABELA,KAWECKA,24,402
1200,KRZYSZTOF,KATOWSKI,20,777
1201,BEATA,DĄBROWSKA,25,621
1202,MARIA,SIKORA,21,238
1203,BARBARA,TARCZYŃSKA,25,166
1204,KAROL,CHLANDA,24,49
1205,ZBIGNIEW,HERDA,18,282
1206,JULIA,KŁOSOWSKA,24,338
1207,DANUTA,STASIOWSKA,23,531
1208,YANA,LEWANDOWSKA,19,429
1209,GABRIEL,KREFT,20,959
1210,GABRIEL,KLIMAS,22,479
1211,ZOFIA,MAYER,19,945
1212,NATALIA,JANKOWSKA,19,452
1213,PAULINA,PIERÓG,25,398
1214,KATERYNA,PIECHOCIŃSKA,25,528
1215,TADEUSZ,LAMENT,20,924
1216,DAWID,BONKOWSKI,25,357
1217,WERONIKA,MIESZKOWSKA,25,923
1218,ALEKSANDRA,PAŁGAN,26,629
1219,DOMINIKA,JANKOWSKA,18,622
1220,ROBERT,HUL,20,943
1221,MARIUSZ,STRZEBOŃSKI,18,425
1222,KATARZYNA,ZAKRZEWSKA,25,808
1223,TADEUSZ,WITKOWSKI,24,415
1224,HANNA,SIEMIŃSKA,25,555
1225,DANUTA,JELEŃ,21,919
1226,MARCIN,PILECKI,26,582
1227,NATALIA,MAJCZAK,20,204
1228,PATRYCJA,KOPERA,21,374
1229,WŁADYSŁAWA,MIKOŁAJEWICZ,26,69
1230,ZBIGNIEW,CIEŚLIŃSKI,20,656
1231,OLA,DOMORACKA,19,251
1232,MARZENA,SCHRÖTER,20,264
1233,WALDEMAR,BANASZAK,23,493
1234,MIKOŁAJ,ZAPALSKI,23,747
1235,TOMASZ,ZAJĄC,22,6
1236,JOANNA,PIECUCH,23,970
1237,KRZYSZTOF,DUSIŃSKI,25,528
1238,MARIA,SZYMICZEK,21,151
1239,EUGENIUSZ,WIERZCHOWSKI,20,453
1240,OLEKSANDR,ŻEROMSKI,22,318
1241,JAROSŁAWA,ŁACZKOWSKA,22,686
1242,PIOTR,PLUSKOTA,23,348
1243,DOMINIK,MAŁECKI,24,814
1244,URSZULA,PIEŃKOWSKA,20,726
1245,MARTA,BUDKIEWICZ,23,516
1246,VALENTYNA,CEGIELSKA,18,145
1247,ANDRZEJ,GAJEK,24,433
1248,BIANKA,PONETA,24,825
1249,DARIUSZ,SOBÓL,23,956
1250,BARBARA,GWÓŹDŹ,23,459
1251,ESTERA,BOROWSKA,21,278
1252,DAWID,KACZOROWSKI,24,421
1253,FILIP,ADAMIEC,18,938
1254,ANNA,KOCIOŁEK,22,859
1255,IZABELA,GOJDYCZ,18,135
1256,JAKUB,SARNIAK,20,795
1257,IZABELA,KĘDZIORA,25,782
1258,MARCIN,KRÓL,20,343
1259,JOANNA,TOBIASZ,26,214
1260,AGNIESZKA,GRZESIK,22,433
1261,JAKUB,BOROWICZ,26,538
1262,VIACHESLAV,KAPELSKI,22,801
1263,PAULINA,SIATKOWSKA,25,59
1264,TADEUSZ,WOŹNIAK,25,496
1265,MARCELINA,PIETRZYK,23,257
1266,ANNA,FERENS,22,749
1267,ALICJA,WALIJEWSKA,20,228
1268,HENRYK,PTAK,23,967
1269,KATARZYNA,SZCZERBA,22,26
1270,JANINA,KLEPACKA,24,316
1271,KAZIMIERA,BILICZ,26,41
1272,DANUTA,CIEŚLIK,19,976
1273,DOMINIKA,KOGUT,22,600
1274,TERESA,SZYDŁOWSKA,19,966
1275,PAWEŁ,KOMORZYCKI,26,378
1276,MICHAŁ,SMĘTEK,23,119
1277,GRAŻYNA,SAWICKA,19,199
1278,KRYSTYNA,JUREK,21,318
1279,NATHAN,JAGIELSKI,26,983
1280,ZDZISŁAWA,PINDEL,22,922
1281,NATALIA,KUCHTA,21,533
1282,KAROLINA,ŚWIERCZ,23,630
1283,DOROTA,SZYMAJDA,23,27
1284,HUBERT,CHMIEL,22,523
1285,TERESA,KRZYŻANOWSKA,26,362
1286,TADEUSZ,DZBANEK,21,234
1287,JAKUB,HABEL,24,638
1288,LENA,OSTROWSKA,22,793
1289,MICHAŁ,SOBIELAK,20,957
1290,STANISŁAW,SATORA,20,409
1291,HELENA,MOTYLEWSKA,24,190
1292,MICHAŁ,KOZIOŁ,25,349
1293,MATEUSZ,MANN,19,270
1294,DANIEL,DROHOMIRECKI,19,76
1295,JADWIGA,BOBER,22,993
1296,ALICJA,KORZONKOWSKA,25,908
1297,TYBERIUSZ,KULMA,18,502
1298,ANDRZEJ,KONECZNIAK,24,323
1299,WIKTOR,SZYMCZAK,20,179
1300,PAWEŁ,KOWALCZYK,26,703
1301,TERESA,BANDROWSKA,19,751
1302,OSKAR,SENDEROWSKI,20,470
1303,KRZYSZTOF,JURKIEWICZ,23,343
1304,KRYSTYNA,SANKOWSKA,24,895
1305,DARIUSZ,SZANIAWSKI,20,73
1306,JÓZEF,ŻURAWSKI,21,688
1307,CZESŁAW,OPITZ,24,429
1308,TERESA,JASTRZĘBSKA,26,612
1309,ELEONORA,MIRGA,22,733
1310,MARTA,SAWCZUK,21,122
1311,RADOSŁAW,KAPROŃ,21,524
1312,MAŁGORZATA,WOWK,18,664
1313,EDYTA,ZASADA,25,291
1314,FILIP,GOGOLEWSKI,22,692
1315,OLGA,ZIEMSKA,22,29
1316,ANNA,WOŹNIAK,24,580
1317,ALICJA,KOZA,24,448
1318,PIOTR,HLAVATSKYY,24,801
1319,JUSTYNA,CIEŚLICKA,19,163
1320,MARIA,JEZIERSKA VEL JEŻEWSKA,23,175
1321,ANDRII,OLCZAK,23,91
1322,JERZY,PYSZ,23,615
1323,WERONIKA,MAŁECKA,22,650
1324,BOGUMIŁA,MIKLASZEWSKA,18,491
1325,MARIA,MAKOWSKA,20,652
1326,OSKAR,PELIWO,22,84
1327,IWONA,WIETESKA,19,701
1328,JERZY,ZARĘBA,22,118
1329,EDWARD,MŁYNAREK,26,896
1330,PAWEŁ,CHLEBEK,18,908
1331,ZOFIA,KUSZYŃSKA,19,954
1332,RENATA,TAŃSKA,26,512
1333,JADWIGA,MARCZYK,24,195
1334,AGNIESZKA,KORBOLEWSKA,25,97
1335,KINGA,BUJNOWSKA,21,477
1336,MILENA,ŁAGOWSKA,24,677
1337,ANTONI,CHMIELECKI,25,925
1338,BEATA,ADAMCZYK,23,847
1339,KRZYSZTOF,CICHY,20,329
1340,ANTONINA,SKOCZEŃ,20,771
1341,ROMAN,WRZESIŃSKI,20,786
1342,MATEUSZ,SZEPCZYŃSKI,22,727
1343,ANNA,KUFEL,25,28
1344,OLIWIER,KĘDZIOR,18,851
1345,SYLWIA,MIKS,26,188
1346,ZOFIA,ZWOLAK,22,92
1347,ANNIE,KORDEK,23,705
1348,MARIAN,JANULEK,18,958
1349,ELŻBIETA,KOSOWSKA,18,138
1350,WERONIKA,WRÓBEL,21,390
1351,JAKUB,KUROWSKI,19,177
1352,PAWEŁ,BIAŁEK,19,961
1353,JERZY,GÓRA,25,393
1354,MICHALINA,NEJMAN,24,116
1355,OLGA,GABRYCHOWICZ,26,111
1356,BOGUSŁAW,JESSA,20,669
1357,MAREK,SERAFIN,24,90
1358,JAKUB,STRUZIK,23,595
1359,MARCIN,DOBOSZEWSKI,26,450
1360,ANGELINA,SZYMAŃSKA,21,247
1361,URSZULA,SAWRAS,23,950
1362,PAWEŁ,BOJARCZUK,25,381
1363,RAMINA,WENT,20,248
1364,PIOTR,KHOMYAK,19,599
1365,MARTYNA,MISIEK,22,983
1366,KATSIARYNA,CHOLEWA,22,691
1367,VIKTOR,BAUER,21,185
1368,MARTA,SOWULEWSKA,20,559
1369,KATARZYNA,BUKIENT,21,633
1370,ELŻBIETA,NAJDUCH,18,594
1371,SAI,WISZNIEWSKA,26,912
1372,MARIA,KOSTRZEWSKA,23,125
1373,ANNA,STORMOWSKA,25,732
1374,KAMIL,URBAN,23,39
1375,ZBIGNIEW,KONSEK,18,603
1376,MYKOLA,KONARSKI,25,818
1377,ANNA,FALKOWSKA,26,621
1378,ZYGFRYD,JERZYKOWSKI,20,7
1379,JACEK,KOWALSKI,18,817
1380,MAREK,SZOSTAK,24,941
1381,DOMINIK,ROGOZIŃSKI,26,50
1382,CZESŁAW,PODSIADŁY,18,887
1383,NATALIA,FLIS,19,539
1384,ALEKSANDER,MARTYNIAK,22,954
1385,VIKTORIIA,DĘBEK,22,924
1386,AGNIESZKA,WIATR,22,292
1387,JAN,KWAŚNIEWSKI,26,820
1388,BARTOSZ,DRAHAN,25,808
1389,ADRIAAN,OLSZEWSKI,22,312
1390,BARBARA,THOMAS,21,784
1391,HELENA,BILSKA,26,844
1392,NATALIA,RZEPKA,21,35
1393,MARTYNA,PAWŁOWSKA,24,551
1394,LUKAS,KOZIEBRODZKI,23,82
1395,WIOLETTA,RUGOWSKA,19,577
1396,BOŻENA,CAPUTA,21,967
1397,MAKSYMILIAN,BRUZDA,22,276
1398,SABINA,CZERWONKA,23,488
1399,ANTONINA,MUSIAŁOWSKA,21,150
1400,KACPER,MUNTIANU,26,852
1401,MATYLDA,PABIAN,19,525
1402,MIECZYSŁAW,WOLNY,24,276
1403,ANDRZEJ,SOKÓŁ,22,452
1404,ZYGMUNT,FRYDRYCH,25,540
1405,OLEKSANDR,GOŁĘBIOWSKI,23,617
1406,MARCIN,BASIŃSKI,22,312
1407,ROBERT,MĄKA,22,636
1408,ZOFIA,GÓRALIK,20,286
1409,PIOTR,HORBAJCZUK,23,160
1410,JUSTYNA,CHORĄŻYK,22,542
1411,KRZYSZTOF,PRZYBYLSKI,19,64
1412,PATRYCJA,KOMAR,20,382
1413,BARTŁOMIEJ,KARCZ,18,408
1414,PIOTR,GELDNER,20,80
1415,MAREK,JAROSIK,22,6
1416,BOGUSŁAW,LUTAI,23,52
1417,PIOTR,KURC,25,244
1418,ELŻBIETA,CHEŁCHOWSKA,20,137
1419,FILIP,ŻÓŁKIEWICZ,22,612
1420,EMILIA,CIUPA,20,661
1421,PATRYCJA,KALUKIN,20,57
1422,TERESA,POPIOŁEK,25,246
1423,WOJCIECH,MORAWSKI,20,339
1424,MARIOLA,CHOJNACKA,19,737
1425,BOGUSŁAWA,PIECHOCKA,24,305
1426,JÓZEF,OZIMINA,24,381
1427,MACIEJ,SZLENDAK,25,170
1428,MONIKA,KOTSAR,21,346
1429,MICHAŁ,JEDLIČKA,18,41
1430,ANDRZEJ,GORNOWICZ,20,192
1431,HALINA,SPEINA,24,852
1432,WITOLD,IWANOWSKI,23,309
1433,DANUTA,SZOJDA,19,662
1434,RUSLAN,MAJCHRZAK,19,237
1435,RYSZARD,WITKOWICZ,24,204
1436,ANNA,MIKOŁAJCZAK,24,184
1437,KAMIL,DUSZA,19,42
1438,DAWID,ZAKRZEWSKI,25,101
1439,JUSTYNA,ROMANCZUKIEWICZ,22,733
1440,JAN,MOŚ,25,584
1441,ROKSANA,ORANIEC,23,214
1442,OLIWIA,STRYSZAK,23,254
1443,ROMAN,BUJNAROWSKI,22,479
1444,ANIELA,DRABOT,18,693
1445,YAROSLAV,FLIS,26,552
1446,ALOJZY,SIECIŃSKI,24,959
1447,MILENA,GAIK,19,757
1448,ANDRZEJ,SZYMANKIEWICZ,24,964
1449,BOGDAN,KOTLIŃSKI,19,933
1450,TYMON,SOBOLA,25,87
1451,DANUTA,TROJANOWSKA,18,74
1452,MARZENA,KORYCKA,18,545
1453,RYSZARD,KLIM,24,8
1454,RAFAŁ,LEWANDOWSKI,21,611
1455,MARIOLA,LIPOWSKA,25,930
1456,POLA,ŚLUSARCZYK,25,407
1457,IGNACY,SADŁOWSKI,21,320
1458,EWA,SIENIATECKA,18,746
1459,DARIUSZ,SUZANSKYI,24,30
1460,HENRYK,CZEPUKAJTYS,26,925
1461,ADAM,IGNACZAK,18,609
1462,EWA,FRĄTCZAK,21,630
1463,WOJCIECH,SZLACHETKA,19,576
1464,DAWID,KOPUT,19,38
1465,ALIAKSANDR,BOCZAR,18,818
1466,LUDWIK,KOZIEJ,22,409
1467,HELENA,HACUŚ,25,549
1468,STANISŁAW,JANISZEWSKI,20,492
1469,SZYMON,WIELGA,26,749
1470,ANNA,PAVLYK,26,777
1471,AGNIESZKA,DĘBCZAK,21,785
1472,BEATA,STYPA,21,178
1473,DOROTA,CYMERMAN,25,523
1474,GRZEGORZ,PASYNKIEWICZ,20,674
1475,PAWEŁ,SZELĄG,20,701
1476,KRZYSZTOF,MATUSIK,25,925
1477,GABRIELA,SERHIIENKO,23,550
1478,GRAŻYNA,DEKOWSKA,24,398
1479,ADAM,ZASIECZNY,23,691
1480,YEVHENIIA,JANUSZ,22,174
1481,PATRYK,LISIEWICZ,25,809
1482,JULIA,STRZELECKA,21,91
1483,MACIEJ,PRZYGODA,23,683
1484,JUDYTA,ROGOWSKA,21,303
1485,MICHALINA,WALECZEK,20,595
1486,EWA,MAZIEJUK,26,872
1487,ERNEST,WOJTACHA,18,463
1488,GABRIELA,PAĆKOWSKA,24,359
1489,PIOTR,JESIONOWSKI,24,761
1490,IWONA,CIEPIELA,25,365
1491,DAVIT,WIĄCKIEWICZ,21,730
1492,MONIKA,SMÓŁKA,19,539
1493,JANINA,CZACHOROWSKA,25,370
1494,WIESŁAWA,ANIELAK,25,839
1495,SAMIR,SADOWSKI,25,494
1496,JAKUB,GASZ,18,962
1497,MARCIN,KACPERSKI,23,884
1498,BEATA,SZAGA,21,628
1499,ALEKSANDRA,STĘPKOWSKA,21,579
1500,AGNIESZKA,JANIK,25,613
1501,MAŁGORZATA,KIEŁBASA,23,956
1502,GRZEGORZ,GÓRSKI,22,553
1503,MICHAŁ,KACZMAREK,20,700
1504,ADAM,GŁOWACKI,26,425
1505,MARZENA,SORNOWSKA,22,644
1506,GABRIELA,HALLBERG,26,717
1507,FRANCISZEK,KOS,23,411
1508,JULIETA,POLKOWSKA,26,938
1509,TOMASZ,SOBCZAK,24,326
1510,KLAUDIA,ORZECHOWSKA,22,585
1511,MARIA,STEFANIAK,25,942
1512,ALICJA,MAJEWSKA,22,902
1513,MARCEL,MARTYNCHYK,24,686
1514,RYSZARD,SOKOŁOWSKI,20,415
1515,MAGDALENA,FILIPIAK,25,835
1516,ALEKSANDRA,PIEŃKOWSKA,26,547
1517,MAŁGORZATA,MELNYCHENKO,26,308
1518,JAKUB,DYL,23,628
1519,ANNA,CHRABĄSZCZ,21,429
1520,ALEKSANDRA,KIWER,23,662
1521,GABRIELA,DĄDELA,23,687
1522,JÓZEF,ZŁAKOWSKI,25,307
1523,WIKTOR,BINIAS,18,569
1524,MARCIN,DUMOWSKI,22,528
1525,MAŁGORZATA,CIEŚLA,22,478
1526,WANDA,JARNUT,24,134
1527,EDYTA,KAMIŃSKA,18,402
1528,TOMASZ,KARKOWSKI,24,263
1529,DANUTA,ANDRZEJCZAK,20,304
1530,BARTOSZ,GĄDEK,23,683
1531,SANDRA,ZYGMUNT,24,601
1532,MARCIN,SCHUBERT,23,942
1533,ANNA,TORYFTER,21,20
1534,EDYTA,MARCHEWICZ,19,201
1535,WŁADYSŁAW,BURSZTYNOWICZ,25,818
1536,NIKOLA,SIKORA,20,273
1537,ŁUKASZ,BORUCH,19,716
1538,EWA,ULATOWSKA,26,773
1539,BOGDAN,ADAMCZEWSKI,25,128
1540,KAMIL,KOZYRA,21,401
1541,MATEUSZ,SZYBIAK,20,291
1542,MIŁOSZ,GARLICKI,22,142
1543,PAWEŁ,SAVCHUK,20,617
1544,DANIEL,WIECZORKOWSKI,25,664
1545,JAN,BIELAWSKI,24,423
1546,PAWEŁ,KOŹLIŃSKI,20,929
1547,ALINA,MARSZAŁEK,24,268
1548,MAREK,PAWLIKOWSKI,23,594
1549,NIKODEM,WALAS,24,864
1550,OLIWIA,JANUSZKIEWICZ,26,513
1551,KACPER,SUCHOROWSKI,24,616
1552,MARIA,GARNOWSKA,26,696
1553,DENYS,SOBALA,26,30
1554,ANNA,DERDA,19,990
1555,ANDRZEJ,GOŁAS,21,447
1556,KAROLINA,SZPOT,20,265
1557,MAŁGORZATA,PHAM THI THU,18,393
1558,TEODOZJA,ŻURAW,25,101
1559,MARIA,POWĄZKA,25,394
1560,KRZYSZTOF,PAPIÓR,20,603
1561,HENRYK,GRYCNER,25,822
1562,MAREK,ĆWIKŁA,21,296
1563,KAZIMIERZ,GUCWA,22,602
1564,MAKSYMILIAN,BOROŃ,21,444
1565,MONIKA,JASTRZĄB,25,708
1566,MICHAŁ,ELLIOTT,26,136
1567,AGNIESZKA,KOŁTON,19,137
1568,HENRYK,ZANDECKI,25,766
1569,RENATA,KOT,20,711
1570,ADAM,SZADY,20,571
1571,SYLWIA,SZEWCZUK,26,628
1572,JĘDRZEJ,GACA,21,475
1573,KRYSTYNA,GÓRNA,23,153
1574,OLGA,JANKOWIAK,24,706
1575,ELŻBIETA,SZKAWRAN,19,91
1576,DOMINIK,KUTS,21,909
1577,RENATA,STEMPLOWSKA,23,244
1578,KRZYSZTOF,SOBOTA,25,419
1579,HENRYK,SKOWYRA,22,960
1580,TOMASZ,KAMIŃSKI,25,792
1581,ARTUR,GŁUBISZ,21,19
1582,MARCIN,KRASOŃ,26,87
1583,TOMASZ,GUERREIRO,20,493
1584,MARIA,GRĄDEK,21,816
1585,SZYMON,SHPYRKA,26,604
1586,NIKOLA,GIERACKA,18,576
1587,STANISŁAW,KAMIŃSKI,26,675
1588,TOMASZ,WIŚNIEWSKI,21,38
1589,ANNA,KIRSZA,18,931
1590,JUSTYNA,SZAFRANIEC,18,165
1591,PAWEŁ,DOBIJA,25,566
1592,WIOLETTA,KOTARSKA,20,305
1593,ŁUKASZ,WARCHAŁ,24,448
1594,LESZEK,CUPIAŁ,20,779
1595,MARIUSZ,POLITAŃSKI,23,612
1596,MIROSŁAWA,JÓZEFCZUK,18,501
1597,KEWIN,MERESHCHUK,24,25
1598,EWELINA,RATAJSZCZAK,25,993
1599,RYSZARD,TROJANOWSKI,18,926
1600,JÓZEF,SIUDA,20,50
1601,PIOTR,GIERSZON,23,179
1602,KAMIL,MORSZTYN,18,976
1603,ZUZANNA,LEŚNIK,26,462
1604,KAROL,OLEJNICZAK,22,19
1605,KATARZYNA,ZAHORA,18,450
1606,WIKTORIA,BORKOWSKA,23,942
1607,PRZEMYSŁAW,KATA,25,374
1608,JAROSŁAW,DĘBOWSKI,26,185
1609,WIKTOR,KAMIŃSKI,20,65
1610,RADOSŁAW,OGŁAZA,25,245
1611,KATARZYNA,MIKUSEK,21,442
1612,GABRIELA,PIENIĄDZ,26,596
1613,BERNADETA,WOJCIECHOWSKA,21,396
1614,RADA,FORYT,24,228
1615,KACPER,WIECKI,26,500
1616,EDYTA,JUCHNIEWICZ,18,445
1617,WŁADYSŁAW,REJMAN,22,290
1618,IVAN,RYBSKI,25,88
1619,JAKUB,KRÓLIKOWSKI,26,63
1620,KUBA,BIHUN,24,338
1621,JAKUB,BRAUN,18,535
1622,NANDA,WITKOWSKA,24,265
1623,KAZIMIERA,MICHAŚ,23,38
1624,CZESŁAW,RASZKA,22,935
1625,BARBARA,JAKUBOWSKA,23,886
1626,DAWID,PUCHNIARZ,26,373
1627,JAN,BALAWENDER,22,883
1628,JOANNA,PAPROCKA,22,93
1629,KACPER,DYNAK,21,788
1630,BARTOSZ,GŁOWACKI,20,642
1631,URSZULA,BONNA,25,804
1632,ANDRZEJ,ĆWIKŁA,23,929
1633,IZABELLA,SZYMKOWIAK,23,352
1634,ŁUKASZ,WYSMUŁEK,19,453
1635,JANINA,SOBULA,18,176
1636,WITOLD,OSPELT,23,124
1637,HENRYK,ZDZIEBKO,20,207
1638,JULIA,KIERZKOWSKA,24,910
1639,MATYLDA,MIKUŁA,18,288
1640,TADEUSZ,SZUROWSKI,22,947
1641,HANNA,KRAUS,20,391
1642,GERTRUDA,MATCZAK,20,467
1643,MARIUSZ,ORTYL,26,397
1644,PATRYCJA,BĄKOWSKA,24,579
1645,JULIAN,WYCICHOWSKI,20,610
1646,ZUZANNA,PALARIIA,22,405
1647,JADWIGA,KOBUS,20,155
1648,MILENA,PIDHAINA,23,601
1649,PAWEŁ,KURNICKI,20,808
1650,ALEKSANDRA,KACZMAREK,20,649
1651,HALINA,NIEMIEC,19,416
1652,ALICJA,FRYDRYCHOWICZ,23,70
1653,MONIKA,KOWALCZYK,26,721
1654,NICOLE,CHMURCZYK,25,501
1655,KINGA,KOMOROWSKA,26,471
1656,ANNA,PAMIN,24,957
1657,TADEUSZ,PODLESNII,25,395
1658,WŁODZIMIERZ,SZCZEPANIAK,26,794
1659,SEBASTIAN,ŚWIĄTEK,21,370
1660,JUSTYNA,KREISICH,22,495
1661,MAREK,GRYGIEL,21,25
1662,JOANNA,GRZEGRZÓŁKA,18,339
1663,ANTONI,KOZEK,19,664
1664,KATARZYNA,BASISTA,19,250
1665,ADRIAN,DANILECKI,26,825
1666,ZDZISŁAW,SHYKHOV,23,451
1667,WANDA,SZCZEPANIAK,18,595
1668,ARTUR,SAJDAK,20,933
1669,ANNA,MARCINIAK,22,706
1670,ANNA,KALAFA,24,259
1671,CZESŁAWA,CIELNIASZEK,22,248
1672,MATEUSZ,OSINSKI,24,635
1673,ADRIAN,ŁACH,23,17
1674,JERZY,KLIMCZAK,18,233
1675,BARBARA,GARMOZA,19,884
1676,ZOFIA,WAŚNIEWSKA,22,735
1677,HUBERT,KRASZEWSKI,20,446
1678,PAWEŁ,BRYLEWSKI,24,780
1679,ELŻBIETA,FILIPCZAK,26,551
1680,PAVLO,SEMCZUK,26,87
1681,WESLEY,ŁUKASIAK,20,503
1682,EMILIA,GONCZARENKO,19,469
1683,ZUZANNA,KOSTRZEWSKA,23,527
1684,DARIUSZ,LOVIN,23,746
1685,MARIANNA,HEWELT,22,882
1686,DARIUSZ,PTASIŃSKI,24,669
1687,ŁUKASZ,ŚLEDŹ,23,933
1688,ANDRZEJ,GAZDA,26,217
1689,HONORATA,KARKOSKA,25,611
1690,ZUZANNA,ZABOROWSKA,20,988
1691,OLIWIA,SZMITKOWSKA,20,438
1692,JAN,KLISZ,19,515
1693,KAZIMIERA,WOŹNICZKA,18,723
1694,MIROSŁAW,PROSKURNIN,24,220
1695,WANDA,MANIA,26,919
1696,KSENIIA,GASZKOWIAK,26,43
1697,MICHAŁ,BORUCH,25,615
1698,KAZIMIERZ,MAJ,18,859
1699,PATRYK,BUHAITSOV,19,756
1700,DARIUSZ,WAWRZAK,19,689
1701,JAN,OCIEPKA,18,663
1702,ANNA,BIEŃKO,23,264
1703,DAWID,DRĄŻEWSKI,21,723
1704,ELŻBIETA,POLISHCHUK,21,235
1705,ŁUKASZ,SERWIN,23,471
1706,GAYEON,NOWAK,22,190
1707,PIOTR,SZCZEPANIAK,24,817
1708,ELŻBIETA,HERTEL,22,442
1709,SAMANTA,RZEPA,22,152
1710,IWONA,BEDNAREK,22,213
1711,DARIUSZ,RUDENKO,25,55
1712,ROHAN,PARZONKO,25,871
1713,BEATA,DROHOMERECKA,18,574
1714,NATALIA,NOWAK,21,134
1715,JÓZEF,KŁOSOWSKI,18,819
1716,ADAM,SINGH,18,513
1717,MICHAŁ,CHYCZEWSKI,18,611
1718,TOMASZ,DŁUGIEWICZ,24,739
1719,HALINA,ETEL,19,994
1720,KONRAD,FURGOŁ,25,422
1721,ADRIAN,STRZELEWICZ,21,961
1722,IGNACY,KLIMCZYK,26,889
1723,WIKTOR,MAJERANOWSKI,25,713
1724,ZUZANNA,DYMEK,19,867
1725,ELŻBIETA,BISWAS,26,110
1726,YULIIA,MORAWSKA,20,907
1727,NATALIA,FIRKOWSKA,21,691
1728,KRYSTIAN,HANKIEWICZ,26,545
1729,XAVIER,WACHNA,19,704
1730,SZYMON,WARSIEWICZ,24,379
1731,MONIKA,STANKIEWICZ,20,925
1732,JĘDRZEJ,NOWAKOWSKI,22,254
1733,SZYMON,FRIEDRICH,26,448
1734,ZOFIA,KOWALSKA,24,383
1735,HORACY,CZARNY,23,327
1736,TADEUSZ,WIŚNIEWSKI,26,165
1737,JACEK,BULSKI,22,636
1738,ELŻBIETA,LUTOSŁAWSKA,19,590
1739,STANISŁAW,WEIDNER,18,956
1740,ANNA,WÓJCIK,20,531
1741,ALEKSANDER,SZYMAŃSKI,18,694
1742,EWA,PRZYBYLSKA,18,86
1743,SEBASTIAN,KUŚ,22,257
1744,ZORIANA,ANTOSIAK,25,287
1745,JOANNA,PYRDEK,25,104
1746,KRYSTYNA,RASZKOWSKA,25,483
1747,AGNIESZKA,CIEŚLAK,23,506
1748,BOGUSŁAWA,PODSTAWSKA,22,124
1749,NELA,NIESPODZIŃSKA,25,545
1750,TYMON,LEOŃCZUK,26,534
1751,NATALIA,KRAWCZYK,24,1
1752,EMILIA,KOZIOŁEK,25,494
1753,TOBIASZ,KOLUCH,18,242
1754,ANTONI,ROSTALSKI,26,847
1755,JAKUB,STOCKI,18,489
1756,ARKADIUSZ,DYDZIAN,18,838
1757,PRZEMYSŁAW,ZAREMBA,20,234
1758,KRZYSZTOF,DANEK,22,647
1759,ALICJA,KAPAŁA,23,535
1760,ELŻBIETA,GAWŁOWSKA,25,403
1761,ZDZISŁAW,BARTOSZEK,22,777
1762,BOGDAN,STOLARCZYK,24,439
1763,MARZENA,STERN,25,424
1764,KLAUDIA,IWAŃSKA,22,880
1765,MICHAŁ,GAMUŁKIEWICZ,26,608
1766,AGNIESZKA,KOŁPAK,24,22
1767,ALBERT,WÓJCIK,18,990
1768,MIECZYSŁAW,RYNKIEWICZ,22,492
1769,WOJCIECH,TAŃSKI,26,14
1770,VLADYSLAV,IZDEBSKI,18,395
1771,MIROSŁAWA,MATUSZELAŃSKA,26,174
1772,JERZY,BALICKI,19,713
1773,JESSICA,ZIELEPUZA,20,822
1774,SERHII,LIPOWICZ,21,303
1775,RAFAŁ,TUBACKI,26,348
1776,ANNA,CYBULSKA,22,500
1777,STANISŁAW,WIERZCHACZ,21,396
1778,WOJCIECH,KRAWCZYK,21,309
1779,BARTŁOMIEJ,DUBININ,19,686
1780,MACIEJ,WDOWIAK,22,357
1781,EDWARD,BOMBA,26,80
1782,BARTŁOMIEJ,DOMŻALSKI,19,425
1783,KRZYSZTOF,FILIPEK,25,334
1784,POLA,KAŁUGA,21,604
1785,ANETTA,STAROSTA,26,618
1786,DOROTA,JELONEK,26,307
1787,WOJCIECH,CHWIAŁKIEWICZ,18,849
1788,KAROLINA,BĄK,24,760
1789,WALDEMAR,BAŁOS,22,132
1790,PRZEMYSŁAW,BANROWSKI,18,710
1791,WANDA,FOMINSKA,24,902
1792,KAJA,KOWALKA,20,989
1793,IVAN,MAISTRUK,20,293
1794,AGNIESZKA,KRAWCZYK,23,56
1795,KRZYSZTOF,KOWALEWSKI,19,522
1796,KAROLINA,JASIOROWSKA,20,113
1797,WIOLETTA,PROKOPIUK,26,458
1798,DARIUSZ,KAMIŃSKI,19,288
1799,MARIAN,SETKOWICZ,20,814
1800,MONIKA,BAŁA,22,162
1801,DANIEL,BAŁDYGA,18,520
1802,ADRIAN,MARCINIAK,25,495
1803,MICHAŁ,ZIEWIECKI,26,683
1804,STANISŁAW,GRZMIL,18,952
1805,JACEK,OŻAREK,18,573
1806,MARLENA,MAZURKIEWICZ,20,772
1807,DANIEL,JARZYNKA,19,708
1808,JAN,MOŻDŻONEK,24,274
1809,PAWEŁ,SZCZEPANEK,23,542
1810,MAREK,SZUMILAS,24,816
1811,MAKSYMILIAN,MOZOL,23,523
1812,JACEK,SZELĄG,20,888
1813,EMIL,PIOTRKOWICZ,18,41
1814,KRYSTYNA,GORDON,21,571
1815,GABRIELA,SPESIVTSEVA,19,410
1816,KRZYSZTOF,GAWLIKOWICZ,22,344
1817,MIECZYSŁAW,NOWALIŃSKI,23,57
1818,NATALIA,KOMPA,19,711
1819,KINGA,BIAJGO,23,745
1820,PATRYCJA,NIEWIADOMSKA,22,235
1821,MONIKA,TUBACKA,20,838
1822,MIROSŁAWA,BARAN,19,62
1823,MARCIN,RYBCZYŃSKI,20,150
1824,ANETA,IWAN,26,943
1825,TOMASZ,JAGIELSKI,26,879
1826,EWA,WARWIŃSKA,23,784
1827,KRZYSZTOF,PYRC,19,782
1828,JOLANTA,MAŁECKA,21,440
1829,TERESA,KOLANKO,21,281
1830,KAZIMIERA,WAKIEĆ,21,297
1831,JOANNA,WĘGRZYNEK,24,284
1832,SYBILA,SZYMAŃSKA,18,138
1833,JANUSZ,MAJKA,20,561
1834,LUKA,ŻURAWSKI,24,930
1835,TOMASZ,PISAREK,19,827
1836,FRANCISZEK,KURHANOV,20,510
1837,ŁUKASZ,BARAŃSKI,21,513
1838,TOMASZ,LEŚNIAK,26,31
1839,EWELINA,WAWRZYNIAK,20,544
1840,KAROL,KOSKO,22,170
1841,OLIWIER,PASZYN,23,857
1842,RYSZARDA,SZCZYGIELSKA,25,758
1843,LILIANA,KOZUB,23,900
1844,MARLENA,ŚWIATKOWSKA,18,66
1845,AGNIESZKA,GRYCH,26,323
1846,RADOSŁAW,ŁUKASZEWSKI,26,285
1847,WIKTORIA,KOZŁOWSKA,22,541
1848,RAFAŁ,NIETUPSKI,18,240
1849,MAJA,KOŁBAN,22,114
1850,WIESŁAWA,ĆWIERTNIAK,21,354
1851,DARIUSZ,GWARA,23,743
1852,HONORATA,SHERETIUK,23,943
1853,DOMINIK,POPOWICZ,19,767
1854,MAJA,KIJ,22,988
1855,LENA,OBOZA,24,907
1856,TADEUSZ,SMOLIŃSKI,22,535
1857,OLENA,CHMIELEWSKA,18,47
1858,DAMIAN,BODETKO,21,472
1859,BARTOSZ,MANKIEWICZ,18,780
1860,ALEX,KAMIŃSKI,24,106
1861,ARKADIUSZ,TEJMAN,19,299
1862,PIOTR,JAWORSKI,22,647
1863,ANNA,WOŹNIAK,22,250
1864,WOJCIECH,BABII,20,171
1865,AGNIESZKA,MĄCZKA,18,6
1866,IGA,FARION,24,563
1867,ZUZANNA,BIEGUN,25,245
1868,TOMASZ,ZAPART,25,799
1869,WIKTORIA,LIEBL,19,860
1870,JUSTYNA,IGNASIAK,20,424
1871,ANNA,KOWALSKA,20,583
1872,MAKSYMILIAN,NIEMCZEWSKI,21,900
1873,GRZEGORZ,LESZCZYŃSKI,24,557
1874,MAŁGORZATA,GĄSIENICA-KOTELNICKA,21,896
1875,RADOSŁAW,PIECZORA,25,621
1876,AGATA,KOZARYN,22,479
1877,WŁADYSŁAWA,DANIŁ,21,502
1878,MAJA,BARAŃSKA,22,976
1879,WIKTOR,RYBORZ,25,820
1880,ADRIANNA,WOJTANOWSKA,23,98
1881,DAWID,SZYSZKA,25,535
1882,JAROSŁAW,ZIEMSKI,20,639
1883,JACEK,KOBIAŁKA,23,428
1884,AGATA,WISZNIEWSKA,26,18
1885,PAWEŁ,JURCZAK,19,223
1886,ANNA,TYLEK,21,70
1887,ANNA,GRAVES,20,228
1888,MARIA,JASIŃSKA-KUCHARSKA,21,640
1889,ALICJA,SALOMON,25,232
1890,MARTYNA,MRÓZ,23,985
1891,IWONA,BAŁDYKA,26,969
1892,ELŻBIETA,PEŁKA,23,910
1893,VADZIM,ARDAZISHVILI,23,407
1894,ADA,ADAMCZUK,21,44
1895,JOANNA,PAWŁOWSKA,20,803
1896,MICHAŁ,KRUSZYŃSKI,18,642
1897,VIOLETTA,DOMŻALSKA,18,788
1898,ANDRZEJ,HABAS,25,953
1899,URSZULA,NELZY,19,959
1900,KLARA,SMAL,20,456
1901,KATARZYNA,SZATKA,20,794
1902,WOJCIECH,WALENDA,22,566
1903,ANTONIA,PAKULSKA,24,202
1904,PIOTR,POŁEĆ,24,745
1905,ANASTAZJA,BRUDZIŃSKA,26,940
1906,BARBARA,UCHMAN,22,109
1907,BOŻENA,GRZEGOREK,18,240
1908,JULIANNA,SUDER,21,464
1909,LESZEK,WALKOWIAK,26,284
1910,PETRO,KOZARYN,19,764
1911,MAKSYMILIAN,GRACA,26,361
1912,KATARZYNA,WOŚ,24,659
1913,DAMIAN,LEWANDOWSKI,21,848
1914,TADEUSZ,MUSIAŁ,21,987
1915,IRENA,WOŹNIAK,25,572
1916,JOLANTA,BRULIŃSKA,25,943
1917,MAREK,KOZACKI,19,123
1918,DMYTRO,CHYLIŃSKI,21,277
1919,ŁUKASZ,MICHALSKI,24,339
1920,MARIA,SZERAFIN,23,397
1921,MARZENA,DAKOWICZ,25,805
1922,GRZEGORZ,BIDZIŃSKI,21,358
1923,TOMASZ,PELC,26,891
1924,KAMIL,GWÓŹDŹ,24,266
1925,ANETA,SAKOWICZ,22,896
1926,WIESŁAWA,MAJCHRZAK,21,204
1927,STANISŁAW,LEWANDOWSKI,23,37
1928,MARTA,BŁACHOWICZ,18,299
1929,ANNA,BASIŃSKA,23,480
1930,FILIP,SZAŁ,21,905
1931,PAWEŁ,PIŁKA,19,669
1932,AGNIESZKA,BARTKOWIAK,20,174
1933,MIŁOSZ,MINKA,20,470
1934,IWONA,ZAJĄC,21,172
1935,MICHAŁ,DZIWAK,20,663
1936,KRYSTYNA,STACHOWICZ,19,996
1937,KAROL,WOŁCZAK,18,841
1938,KRYSTIAN,BROKOS,23,880
1939,EDWARD,LESIAK,22,401
1940,MARIOLA,SZASTOK,20,291
1941,ADAM,KITA,19,952
1942,BRUNO,KAŹMIERCZAK,18,717
1943,MICHAŁ,PRZYGODZIŃSKI,18,113
1944,ZDZISŁAWA,MIKOŁAJCZAK,26,624
1945,KRZYSZTOF,RAŹNY,18,344
1946,WALDEMAR,MISIĄG,19,668
1947,MAŁGORZATA,FILIP,24,659
1948,MARAT,GAŁCZYŃSKI,24,674
1949,JAROSŁAW,MARZEC,22,399
1950,KARINA,BURY,19,695
1951,HELENA,KOŚCIELNIAK,21,942
1952,FILIP,PIASECKI,22,723
1953,KRYSTYNA,ŁUKASIK,19,131
1954,RAFAŁ,NEROJ,22,213
1955,MAJA,DOLIŃSKA,24,187
1956,ARKADIUSZ,ŁAPIŃSKI,23,113
1957,TOMASZ,KOZDRAK,22,242
1958,KRYSTYNA,DZIOBA,21,819
1959,PRZEMYSŁAW,GAŁAŻYN,22,171
1960,BARBARA,ZABOROWSKA,22,569
1961,MARIA,KREFT,23,621
1962,JAN,PYTEL,23,295
1963,WŁADYSŁAWA,FILIPIAK,22,981
1964,MARZENA,RADOWSKA,19,163
1965,NATAN,DETKA,26,939
1966,MAŁGORZATA,KRZEMIŃSKA,24,15
1967,DARIUSZ,CIELUSZKE,25,432
1968,MAŁGORZATA,SEBZDA,24,273
1969,MAŁGORZATA,FILIPIAK,23,256
1970,KAROLINA,SZYMKOWIAK,18,718
1971,MAGDALENA,CZAJKA,26,411
1972,MATEUSZ,PIĄTEK,19,770
1973,MAJA,ADAMCZAK,23,83
1974,JANUSZ,NOWAK,26,193
1975,JAKUB,ZIELIŃSKI,26,541
1976,JAN,ZDROJEWSKI,18,900
1977,BARTOSZ,KŁOSOK,18,948
1978,MICHAŁ,CIEŚLIK,23,129
1979,ZOFIA,GAŁĄZKA,22,410
1980,KRYSTIAN,ŁYZIN,20,307
1981,JANINA,SURMA,22,990
1982,ADAM,GAJDA,18,380
1983,NATALIA,GŁUCHA,22,877
1984,MAŁGORZATA,RAŹNIECKA,23,802
1985,BARBARA,KOŁODZIEJSKA,22,959
1986,TRISTAN,LUTYŃSKI,18,239
1987,TOMASZ,SÓWKA,23,255
1988,ANDRZEJ,ZALEWSKI,21,297
1989,TYMON,KWAŚNY,22,521
1990,MARCIN,GRUCZEK,23,169
1991,MATEUSZ,KOWALCZYK,26,71
1992,KACPER,MIECZKOWSKI,22,223
1993,ZDZISŁAW,JAŁOSIŃSKI,26,316
1994,KALINA,MAJ,20,912
1995,OSKAR,PATURALSKI,19,954
1996,XENIA,GRZYMISŁAWSKA,21,432
1997,DARIA,PEŁZAK,21,210
1998,TOMASZ,KALISZ,26,776
1999,CZESŁAW,MOSKWA,25,79
2000,NATALIA,BRZÓZKA,21,570
2001,MARZENA,KOZDROŃ,24,308
2002,RADOSŁAW,KNYTER,19,118
2003,IRENA,KOWALSKA,18,678
2004,ANNA,KOŚCIELNIAK,24,796
2005,BARBARA,STARCZEWSKA,20,482
2006,MIKOŁAJ,BŁAŻEWSKI,18,966
2007,VOLODYMYR,PIOTROWSKI,19,263
2008,HENRYK,BLOCH,25,620
2009,ARTUR,ZALEWSKI,24,89
2010,BARBARA,JARECKA,21,127
2011,VASYL,WITKOWSKI,25,247
2012,ADAM,STOSIAK,23,554
2013,MAREK,KOWALSKI,19,493
2014,ARTUR,BARBUŻYŃSKI,22,336
2015,CEZARY,JÓZEFKOWICZ,26,341
2016,HELENA,STRZYŻEWSKA,24,598
2017,NIKOLA,WAWRZYNIAK,19,431
2018,EMILIA,PIOTROWSKA,20,713
2019,WERONIKA,SENDZIUK,25,580
2020,KINGA,MARKIEWICZ,25,834
2021,KRYSTYNA,LENARD,25,304
2022,ŁUKASZ,KOZIEŁ,20,32
2023,KRYSTYNA,GODZIŃSKA,21,18
2024,BARBARA,GALOS,23,853
2025,STANISŁAW,BRUNSCH,23,820
2026,SEBASTIAN,SZOSTAK,22,62
2027,ADAM,CHWAŁA,22,342
2028,BEATA,SĘKALSKA,21,694
2029,BARTOSZ,CZARNECKI,20,563
2030,EWA,LENCZEWSKA,25,117
2031,WOJCIECH,SZYMBORSKI,26,231
2032,TERESA,GÓRA,21,961
2033,KAZIMIERZ,ŁASZCZYK,21,905
2034,KRZYSZTOF,RYZNER,25,416
2035,NATALIIA,SOCHA,23,528
2036,HANNA,ŻBIK,19,552
2037,KATARZYNA,KUSTOSZ,26,783
2038,JAKUB,PACYNA,21,599
2039,JOANNA,ŚNIGURSKA,21,784
2040,WŁADYSŁAWA,NOWAK,18,248
2041,DAWID,JAKSIK,22,585
2042,EWA,GRZEŚKIEWICZ,24,629
2043,KAZIMIERZ,IVASIUK,24,94
2044,ANGELIKA,GRZYBOWSKA,25,479
2045,DARIUSZ,GRABEK,22,526
2046,JAKUB,GRĄDZKI,24,992
2047,ZOFIA,GUZIŃSKA,21,706
2048,FILIP,SZWICHTENBERG,24,711
2049,TOMASZ,SZCZEPAŃSKI,26,655
2050,IZABELA,PYZNARSKA,24,172
2051,KAROL,KNYPS,26,607
2052,GABRIEL,ZAGOŻDŻON,19,682
2053,ARNOLD,ROGOZIŃSKI,23,191
2054,BARTOSZ,ŻUCHOWSKI,18,524
2055,ANTONI,FIRLEJ,18,534
2056,HANNA,KRÓL,22,418
2057,KAJETAN,POPOV,21,585
2058,JULIA,BAŁUSZKO,25,830
2059,ADAM,GRUCA,20,541
2060,DAWID,WŁUDARCZYK,23,707
2061,ARTUR,KWIECIEŃ,21,872
2062,JAN,MUNDRY,26,369
2063,KRZYSZTOF,MARCINIAK,26,69
2064,AGATA,TOMAN,25,135
2065,ZOFIA,WRÓBEL,18,201
2066,TADEUSZ,WOJEWODZIC,22,230
2067,BEATA,KENDZIERSKA,18,250
2068,MARZENA,PAŃKOWSKA,25,933
2069,TOMASZ,TOPCZYŁKO,22,532
2070,KRZYSZTOF,GALAS,25,415
2071,KONRAD,CZOPEK,23,92
2072,WIKTOR,MACIAŚ,26,190
2073,RADOMIR,ŁUKASZEWSKI,19,488
2074,JAN,ZABAGŁO,25,704
2075,MIKOŁAJ,LEŚNIEWSKI,24,394
2076,VIOLETTA,STEFAŃSKA,21,158
2077,WIESŁAW,DOBSKI,26,460
2078,BARTOSZ,GRĄCZYŃSKI,24,385
2079,ŁUCJA,BARANOWSKA,19,335
2080,STANISŁAW,FREIGIN,26,347
2081,IHOR,BIERNAT,21,91
2082,KAROLINA,MOSKALSKA,21,773
2083,EWA,KOWNACKA,21,613
2084,MARIA,KOMUDA,20,157
2085,LUCYNA,LIPOWSKA,21,960
2086,EMILIA,KAMIŃSKA,18,514
2087,JACEK,PEPŁOWSKI,21,463
2088,MARIUSZ,DĄBROWSKI,21,538
2089,JANINA,GORCZYCA,23,79
2090,ANNA,OBUCH,25,636
2091,KATARZYNA,GĘBICKA,26,684
2092,BARTOSZ,BANIAK,20,899
2093,MIŁOSZ,ZACHAREWICZ,24,189
2094,PAULINA,TARGIEL,26,856
2095,JAN,HARTWICH,24,78
2096,MAGDALENA,BARTOSZEWICZ,25,49
2097,RYSZARD,ORŁOWSKI,18,671
2098,BLANKA,MALASA,18,194
2099,JUSTYNA,LECH,22,409
2100,BERNADETTA,OSTROWSKA,23,662
2101,MACIEJ,CZOP,26,22
2102,EWA,WOŁCZKO,24,779
2103,MAGDA,RĘBIŚ,24,927
2104,STANISŁAW,MULTARZYŃSKI,20,521
2105,IWONA,KUTA,18,642
2106,EDYTA,CHMIEL,20,531
2107,HALINA,KLEPACZ,25,496
2108,KATARZYNA,KĘPA,23,73
2109,EDWARD,ŚWIĘTALSKI,22,45
2110,ARTUR,SZCZUTOWSKI,24,606
2111,ANDRZEJ,ZIELIŃSKI,20,8
2112,LARA,KOPEĆ,20,420
2113,ANDRZEJ,WIELGOSZ,19,583
2114,JANINA,ASIŃSKA,24,990
2115,MARZENA,SITKO,23,474
2116,URSZULA,PISANKO,23,669
2117,TOMASZ,STRĄCZEK,21,616
2118,GRZEGORZ,KLAMCZYŃSKI,26,293
2119,ELŻBIETA,BUGAJSKA,23,489
2120,KRZYSZTOF,SZCZEPANIK,26,536
2121,MACIEJ,TORCHALSKI,18,875
2122,KAMIL,BAŃKA,21,309
2123,MAŁGORZATA,TRUTY,26,214
2124,MATEUSZ,ZNAJDEK,24,915
2125,JADWIGA,MACIEJEWSKA,26,998
2126,MIROSŁAWA,ORKISZEWSKA,23,917
2127,SEBASTIAN,CHOCHOŁEK,23,308
2128,NIKODEM,BANAŚKIEWICZ,23,906
2129,ŁUKASZ,SPALENIAK,24,695
2130,JUSTYNA,CHAŁUPA,18,249
2131,LIDIA,GŁADECKA,21,976
2132,PIOTR,WIŚNIOWSKI,21,759
2133,AMELIA,KURZAWA,22,712
2134,SŁAWOMIR,ORLIŃSKI,18,855
2135,SZYMON,SŁABY,23,381
2136,PAWEŁ,KOWALEWSKI,21,820
2137,OKSANA,RĄCZKA,19,60
2138,MONIKA,PŁACZEK,22,474
2139,LILIA,JASKULSKA,26,348
2140,STANISŁAWA,SACZKO,26,430
2141,MONIKA,KRÄTSCHMER,19,539
2142,JOANNA,WITKOWSKA,23,645
2143,JÓZEF,SZEWCZYK,24,177
2144,ALICJA,DZIKA,20,56
2145,ZOFIA,TURCZYNOWICZ,19,648
2146,WIKTORIA,MISZTELA,22,397
2147,DOMINIK,JANUCIK,18,89
2148,LUCJAN,CZAPNIK,18,952
2149,MARIUSZ,PINDYCH,26,266
2150,MARIA,SURMAŃSKA,19,346
2151,PAULINA,FRANKIEWICZ,24,512
2152,ANDRZEJ,LUBEŃCZUK,25,306
2153,ADAM,WYROBEK,19,112
2154,MAJA,ABRAMCZYK,22,195
2155,KINGA,TREDER,25,568
2156,BEATA,GÓRNA,21,111
2157,DAWID,WALCZAK,19,798
2158,ZOFIA,CZERNIAKIEWICZ,26,189
2159,GRZEGORZ,ZIENTEK,18,876
2160,SAYDIN,GROCHOŁA,25,168
2161,LIDIA,ZOZULA,23,277
2162,AGNIESZKA,BARANOWSKA,18,760
2163,JOANNA,TRELA,18,836
2164,WŁADYSŁAW,GAWEŁ,22,205
2165,KRYSTYNA,BULENDA,26,720
2166,WIOLETTA,GÓRAK,22,966
2167,GRAŻYNA,JANDA,24,146
2168,ADRIAN,GUGUŁA,20,989
2169,MARIUSZ,FOLGA,26,105
2170,WOJCIECH,BIAŁECKI,21,729
2171,ANATOL,WRĄBEL,19,17
2172,SŁAWOMIR,KRAWCZYK,19,881
2173,AGNIESZKA,NADROWSKA,22,123
2174,NATALIA,ERKIERT,24,320
2175,BARBARA,NAUJOKS,18,318
2176,ANNA,MISIEC,22,265
2177,TADEUSZ,KROCZEWSKI,18,905
2178,KLARA,SOSZYŃSKA,25,692
2179,WERONIKA,PIOTROWSKA,22,191
2180,JACEK,CETNAROWSKI,19,858
2181,OLIWIA,KUBOŃ,18,948
2182,ANDŻELIKA,STOBIŃSKA,21,461
2183,SEBASTIAN,ROMAN,22,344
2184,MACIEJ,WIERCISZEWSKI,20,346
2185,JÓZEF,CHODOROWSKI,25,850
2186,SZYMON,PYRDOŁ,26,84
2187,MIROSŁAW,PASIŃSKI,20,981
2188,MARIA,STRYCHALSKA,24,730
2189,ANDRZEJ,DOMAŃSKI,25,675
2190,EWA,GWIZDEK,18,556
2191,SŁAWOMIR,KOWALSKI,24,987
2192,WERONIKA,MUSIAŁ,26,134
2193,SYLWESTER,KOZYRA,23,526
2194,ALEKSANDER,KUCAB,22,970
2195,DAMIAN,HOROBCHUK,22,120
2196,JANINA,KACZMARCZYK,24,739
2197,VADYM,KOSMELA,19,680
2198,ALLA,WILK,19,493
2199,MATTEO,KUROWSKI,22,994
2200,MATEUSZ,YAROMCHYK,18,446
2201,STANISŁAWA,STANACH,21,237
2202,ANNA,MULCZYŃSKA,18,284
2203,KAMIL,MAŃKA,26,660
2204,ADRIAN,SURMAŃSKI,25,605
2205,RENATA,BRODNIEWICZ,22,160
2206,MAREK,DENC,21,3
2207,PAULINA,KOMOROWSKI,18,683
2208,ANDRZEJ,TOMASZEWSKI,26,76
2209,JAN,ŚWIDZIŃSKI,21,534
2210,TERESA,KOZAK,25,337
2211,ADAM,LASOTA,22,487
2212,HUBERT,RABENDA,23,374
2213,DOMINIK,WIŚNIEWSKI,23,8
2214,ZBYSŁAW,ABRAMCZUK,25,401
2215,HENRYK,KAŹMIERCZAK,25,661
2216,WALENTY,SZUMCZYK,24,525
2217,WITOLD,RYCOMBEL,23,262
2218,KAJETAN,KIZLING,24,787
2219,ISABEL,BOROWCZAK,20,674
2220,RAFAŁ,MATEJEK,18,640
2221,ANGELIKA,KUTT,23,111
2222,PIOTR,BURDAN,18,301
2223,WIESŁAWA,KRUTYS,24,563
2224,TERESA,MIONSKOWSKA,19,944
2225,GRZEGORZ,HAIEVSKYI,22,365
2226,MARCIN,ORSKI,21,619
2227,STANISŁAW,LISEK,21,201
2228,ERYK,BUKOWSKI,19,790
2229,ELŻBIETA,MATYLEK,18,621
2230,URSZULA,GRZESIAK,24,664
2231,TERESA,RADZIO,21,313
2232,TOMASZ,WARZECHA,24,20
2233,ELŻBIETA,JAROMIN,22,749
2234,IZABELA,ŻOŁNA,19,160
2235,REGINA,ZAJĄC,24,552
2236,AGNIESZKA,GERAT,22,918
2237,ZBIGNIEW,MIROWSKI,24,720
2238,KRZYSZTOF,SZACHNOWSKI,21,195
2239,MARLENA,LIPOWCZYK,19,796
2240,ANDRII,BOGDAŃSKI,20,85
2241,KRYSTYNA,BARAN,23,636
2242,EDYTA,ŻARNOWIECKA,18,439
2243,MYKOLA,JÓŹWIAK,21,541
2244,KRZYSZTOF,KOTLARSKI,26,808
2245,JERZY,KOŁTONOWSKI,24,139
2246,WIKTORIA,JĘDA,24,739
2247,DOMINIK,OSTAPOWICZ,19,755
2248,TERESA,DUDA,19,607
2249,WIKTORIA,MIKULSKA,23,174
2250,TOMASZ,PŁAWSKI,23,12
2251,WIKTORIA,MACIAK,25,995
2252,KATARZYNA,KĄDZIELA,18,269
2253,PIOTR,CZERKOWSKI,23,158
2254,JANINA,BEDNARSKA,18,117
2255,JAROSŁAW,GOSŁAWSKI,25,130
2256,MAGDALENA,OLEARCZYK,21,673
2257,MARIUSZ,KOWALSKI,22,174
2258,SEBASTIAN,CIECHAŃSKI,25,151
2259,JAGODA,GRZYB,20,387
2260,AGATA,HOŁOWACZ,21,185
2261,FILIP,GAWAŁEK,21,691
2262,MICHAŁ,GROCKI,26,531
2263,STANISŁAW,KOWAL,23,875
2264,RADOSŁAW,STATNIK,25,515
2265,MAREK,MICHALAK,18,932
2266,RAFAŁ,FUŁEK,22,847
2267,WIKTORIA,STROJECKA,23,570
2268,KACPER,WRÓBLEWSKI,26,881
2269,DARIUSZ,WOJCIECHOWSKI,23,429
2270,JAKUB,PRACHTOR,22,700
2271,ANNA,ZARZYCKA,25,109
2272,AGNIESZKA,ZALEWSKA,19,943
2273,ROBERT,DZERAVIAHA,19,498
2274,MARTA,SMYKLA,25,760
2275,ELIZA,JANISZEWSKA,26,185
2276,MACIEJ,ROSIAK,24,329
2277,JOACHIM,KUTTER,18,887
2278,KRZYSZTOF,STOPA,25,721
2279,IZABELA,SZEWCZYKOWSKA,19,225
2280,MICHAŁ,KORZEŃ,18,278
2281,STEFANIA,GABRIELSEN,26,179
2282,IWONA,ZACZYŃSKA,19,40
2283,DANUTA,ŁOBODA,18,780
2284,MIROSŁAWA,BIGDA,25,250
2285,TERESA,STARZEC,24,31
2286,EWA,REMBECKA,22,434
2287,ANASTAZJA,KAPKOWICZ,22,861
2288,MICHAŁ,SCHMIDT,19,361
2289,SYLWESTER,SOCZEWSKI,22,446
2290,ROBERT,KRAMARCZYK,22,654
2291,NINA,KLECHA,25,805
2292,TADEUSZ,STEPAŃCZENKO,21,618
2293,MICHAŁ,LEDNIOWSKI,23,308
2294,MARTA,WIDEŁKO,25,421
2295,ŁUKASZ,OPALIŃSKI,21,716
2296,PRZEMYSŁAW,SHCHURYSHYN,21,872
2297,ANNA,HUDZIK,20,288
2298,JOANNA,MAZUR,25,60
2299,NINA,PIĘTKA,23,450
2300,AGNIESZKA,MRÓZ,21,634
2301,NATALIA,SZURMIAK,22,759
2302,BARTOSZ,KOPICKI,22,705
2303,BARTOSZ,REDOSZ,25,729
2304,MILENA,KUSZ,18,784
2305,MAŁGORZATA,PIECHOWSKA,18,926
2306,DOROTA,KUJAWA,22,570
2307,HUBERT,ULATOWSKI,18,873
2308,KAMIL,TALARCZYK,22,823
2309,JAN,TURZ,18,836
2310,NATALIA,GIEMZIK,22,609
2311,AGNIESZKA,WERNER,23,238
2312,EMA,STRUZIK,19,53
2313,RYSZARD,WASZKIEWICZ,19,537
2314,JAN,GREN,18,629
2315,MACIEJ,SZULECKI,26,273
2316,AMELIA,SZMIDT,26,430
2317,AGATA,MIGDALSKA,26,87
2318,ANTONI,ADAMCZAK,22,411
2319,DOROTA,PYTLARZ,19,106
2320,DARIUSZ,PAWŁOWSKI,23,360
2321,MICHALINA,ŁASKA,24,539
2322,NINA,MIKSZTAL,21,427
2323,OLIWIER,MĄDRY,22,311
2324,AGNIESZKA,NIEDUŻAK,21,746
2325,DAWID,ANDRZEJCZAK,23,911
2326,JADWIGA,MAJCHRZAK,25,573
2327,TOMASZ,JAWORSKI,21,163
2328,TERESA,ŚLUSARCZYK,22,383
2329,IGOR,WÓJCIK,22,648
2330,VIOLETTA,KWIATKOWSKA,19,674
2331,WIOLETTA,TRZASKA,23,661
2332,KACPER,CZUBACKI,18,689
2333,KAROLINA,GURMAN,21,790
2334,SEBASTIAN,KOCHUBEI,21,440
2335,MARTA,PANEK,19,492
2336,KLAUDIA,PAŃKOWSKA,26,505
2337,GABRIELA,LIPIŃSKA,21,461
2338,JAN,DZIĘCIOŁ,20,118
2339,WIKTOR,SZLACHCIAK,21,716
2340,PIOTR,KOWALCZYK,19,172
2341,KAMIL,CAŁUS,26,519
2342,ADAM,TOBOŁA,19,831
2343,TELESŁAW,HEIN,25,744
2344,WANDA,WANAT,22,369
2345,MILENA,NADOLSKA,26,156
2346,KINGA,JAKUBASZEK,20,858
2347,PIOTR,ŚPICA,26,83
2348,TOBIASZ,ŻEBROWSKI,18,237
2349,RYSZARD,GŁÓWCZEWSKI,18,775
2350,SYLWIA,KAMIŃSKA,22,950
2351,PAWEŁ,WRÓBLEWSKI,22,484
2352,RYSZARD,PANEK,20,184
2353,TOMASZ,SKRAJNOWSKI,19,677
2354,MARCIN,MATVIICHUK,20,427
2355,RADOSŁAW,STAŃKO,21,734
2356,KRZYSZTOF,MARCHWIŃSKI,20,937
2357,MARTA,GONTARZ,20,780
2358,VIKTORIIA,ŁYCZEWSKA,20,172
2359,JAKUB,CHMIELEWSKI,25,977
2360,MARCEL,IWANEK,19,949
2361,WIESŁAWA,HADAŁA,26,925
2362,BARBARA,SMOTER,20,154
2363,WOJCIECH,SIEDLARSKI,19,320
2364,JOANNA,KOWALCZYK,24,125
2365,MARIA,KACZOREK,24,920
2366,JADWIGA,MARZEWSKA,23,531
2367,JOLANTA,SZYMPRUCH,22,31
2368,BOGUSŁAW,GÓRKA,23,438
2369,MIROSŁAWA,CICHOŃSKA,18,819
2370,YEVHENII,KOJDER,26,704
2371,ADAM,JANOWSKI,26,760
2372,ANNA,MOCEK,26,219
2373,MAŁGORZATA,CZERNIAK,20,310
2374,BARBARA,TYLEK,18,508
2375,JOANNA,GÓRAL,21,178
2376,ŁUKASZ,STRAMA,19,405
2377,HALYNA,WSZOŁEK,20,845
2378,SYLWESTER,MAJ,20,425
2379,BARTOSZ,SMOLARZ,23,223
2380,STANISŁAW,PODBIELSKI,26,316
2381,RUSLAN,BEREZIUK,20,219
2382,JÓZEF,RADZIEMSKI,21,190
2383,MATEUSZ,TURKIN,25,120
2384,MAGDALENA,GASANOVA,23,446
2385,BARBARA,KROMOŁOWSKA,26,135
2386,ANNA,PSZCZOŁA,20,611
2387,AGNIESZKA,KUKUŁKA,23,647
2388,KRZYSZTOF,KRAMEK,20,837
2389,DANUTA,LESIK,21,654
2390,PAUL,GLAPIAK,24,166
2391,JACEK,LUKS,25,17
2392,DANIEL,MACKIEWICZ,20,693
2393,OLIWIA,PRZYBYŁA,21,877
2394,MARCIN,SZYKUŁA,21,918
2395,YAROSLAV,NOWAK,20,725
2396,ANITA,NOWAKOWSKA,21,155
2397,JÓZEF,NYCZ,20,848
2398,ARKADIUSZ,SOBOTA,25,509
2399,JÓZEF,OLKOWICZ,22,813
2400,KRYSTYNA,PAWLIKOWSKA,25,650
2401,KAMIL,DĄBROWSKI,21,891
2402,MIESZKO,BURAK,26,196
2403,KAZIMIERZ,GROSZEK,23,103
2404,ANDRZEJ,SIWEK,20,152
2405,AGATA,BEDNARZ,19,716
2406,JADWIGA,JARONIEC,19,879
2407,TOMASZ,KASPEREK,21,105
2408,DOMINIKA,CZUBAKOWSKA,26,23
2409,VADYM,KRASKA,20,851
2410,ADAM,GÓRNY,22,160
2411,MARCIN,JEZIORSKI,25,183
2412,PIOTR,STANISZCZAK,26,302
2413,KRZYSZTOF,KOSESKI,18,23
2414,JAKUB,MADEJ,20,967
2415,IWONA,KOZIŃSKA,21,634
2416,ANNA,KRZYŻAK,23,318
2417,JADWIGA,JAMROZIAK,22,670
2418,MONIKA,BRAKSAL,18,168
2419,KRYSTYNA,KOLANOWSKA,19,430
2420,PIOTR,STANETA,26,120
2421,URSZULA,MIKA,24,729
2422,ROBERT,WOJTYSIAK,18,774
2423,ANDRZEJ,ŚWIECA,26,759
2424,MICHAŁ,STATUCH,25,573
2425,ZLATA,KUSIOŁEK,24,665
2426,CEZARY,KRAWIEC,26,364
2427,EMILIA,OVSIANNYK,21,257
2428,NIKOLA,ŚWITEK,19,846
2429,TOMASZ,KOWOLIK,24,650
2430,MARIUSZ,SZURLEJ,21,539
2431,MARTA,NAPIÓRKOWSKA,26,762
2432,DANUTA,SIKORA,20,147
2433,IWONA,CIESIEŁKIEWICZ,18,658
2434,STANISŁAW,WOJCIECHOWSKI,22,366
2435,STANISŁAW,KRUSZEWSKI,26,983
2436,GRAŻYNA,KAPUSTA,21,376
2437,MIECZYSŁAW,KUC,21,101
2438,AMADEUSZ,ANDRZEJEWSKI,20,9
2439,MIKOŁAJ,KIESLICH,25,760
2440,KRYSTYNA,BŁACH,18,993
2441,VIKTOR,GMITER,18,792
2442,KRZYSZTOF,MARCINOWSKI,22,361
2443,STANISŁAW,GAWLIK,26,312
2444,GRZEGORZ,DUDA,22,767
2445,AGNIESZKA,KOBIOŁKA,19,120
2446,IWONA,DAICH,21,142
2447,DAGMARA,PIKUL,20,700
2448,LILIANA,SZYMAŃSKA,19,939
2449,KINGA,BOREK,24,358
2450,HENRYK,WĘSIERSKI,26,924
2451,MARIUSZ,WOŹNIAK,24,943
2452,MAGDALENA,ĆMIEL,24,241
2453,ANATOLII,KIEŁCZEWSKI,21,617
2454,SŁAWOMIR,CHOJĘTA,19,64
2455,MARIANNA,CABAN,21,880
2456,PATRYCJA,KWIATKOWSKA,26,991
2457,ANNA,BUDNIK,20,168
2458,JADWIGA,KUKOWKA,20,150
2459,MICHAŁ,ŻYDER,20,64
2460,LEONARD,ANDRUKIEWICZ,21,915
2461,LIAM,RYMARSKI,23,706
2462,PAULINA,KAŁUŻA,23,416
2463,EMILIA,KAPRAWY,25,355
2464,JUSTYNA,SAŁAMUN,24,706
2465,KAZIMIERZ,STYN,24,948
2466,STEFAN,MARCHENKO,23,298
2467,JANINA,GAJOS,21,82
2468,MONIKA,ŻAWORONEK,18,982
2469,ANGELIKA,GRZECHNIK,24,693
2470,IZABELA,DOROSHENKO,20,401
2471,BARBARA,ROZENBLUT,18,371
2472,KORNELIA,MAKARUK,19,520
2473,DOMINIKA,HERNIK,20,321
2474,MARZENA,DUBICKA,23,442
2475,HANNA,RUSZKIEWICZ,18,454
2476,ADRIANNA,ŁUKASZEWICZ,18,324
2477,MICHALINA,FATIEIEVA,20,768
2478,KATARZYNA,ZAREMBA,24,87
2479,PATRYK,OKOŃ,22,196
2480,JAN,JASZKA,20,691
2481,DARIA,CZOPEK,21,491
2482,FILIP,DAWIDZIUK,24,852
2483,BARBARA,ŚRODECKA,18,45
2484,MARCIN,OBSZYŃSKI,18,241
2485,BARTOSZ,RANACHOWSKI,23,914
2486,GRZEGORZ,ZYDOROWICZ,25,505
2487,MARLENA,LEHNER,23,63
2488,ELŻBIETA,SKÓRSKA,21,80
2489,STEFANIA,ŻURAWSKA,24,676
2490,EMILIA,KOLIŃSKA,20,586
2491,ELŻBIETA,CIURA,18,590
2492,MILENA,PODLASEK,23,996
2493,ANNA,DERES,25,524
2494,ANNA,JAKUBOWSKA,20,769
2495,KAROL,SOSNOWSKI,19,508
2496,DAMIAN,ZUCHNIEWICZ,21,742
2497,KAROLINA,URLIK,20,684
2498,BOŻENA,GUT,20,803
2499,JADWIGA,KAZYK,21,365
2500,WIKTORIA,MARCINEK,22,910
2501,MARYLA,KACZYŃSKA,23,280
2502,MICHAŁ,JUKOWSKI,18,9
2503,DOROTA,MOCARSKA,18,375
2504,ARSEN,KĘDZIOR,23,968
2505,WACŁAW,SZYNKAREK,19,794
2506,ANTONI,PROCHOT,18,557
2507,MARZENA,MIĘTKIEWICZ,18,44
2508,MATEUSZ,WOJTASIK,21,639
2509,GRZEGORZ,UŚCIŁOWSKI,21,829
2510,JÓZEF,SŁABIG,26,933
2511,ANDRZEJ,BALON,24,878
2512,AGNIESZKA,RUMIŃSKA,21,600
2513,BARBARA,RABICZKO,22,408
2514,BOGDAN,ŻOCHOLLA,22,157
2515,EWA,ADAMOWSKA,18,550
2516,ŁUKASZ,WAGNER,22,374
2517,ADAM,CHALASZ,25,369
2518,SYLWIA,MAZALEWSKA,18,501
2519,ADAM,KOWALSKI,24,376
2520,JOANNA,STOLARSKA,23,467
2521,ALAN,WÓJCIK,19,698
2522,DAWID,SARGA,25,730
2523,FRANCISZEK,SZWARC,21,158
2524,PAWEŁ,NIC,19,167
2525,DANUTA,REINELT,24,732
2526,KACPER,DADOK,21,281
2527,SEBASTIAN,JAKUBOWSKI,20,727
2528,JAN,BIEŃ,26,258
2529,GRAŻYNA,SAWICZ,23,55
2530,HUBERT,PAWLAK,22,743
2531,DAGMARA,JAŃCZAK,21,364
2532,ZBIGNIEW,KAŁWAK,26,636
2533,MARCIN,STOKOWSKI,19,139
2534,MARIUSZ,ANIOŁ,19,853
2535,ANNA,JANIK,20,239
2536,FRANCISZEK,RADZISZEWSKI,26,708
2537,JULITTA,JAROSZ,25,246
2538,MARIA,TRELEWICZ,19,944
2539,ANNA,ŁOSEK,26,824
2540,PIOTR,GAŹDZICKI,23,207
2541,GRAŻYNA,RUBAJCZYK,22,706
2542,JAN,ARMATA,18,109
2543,WIKTORIA,BIERNACKA,22,461
2544,ANNA,FAC,19,503
2545,DAWID,ZAJĄC,19,737
2546,JAROSŁAW,DĘBIŃSKI,24,273
2547,ADRIAN,KRĘCICHWOST,25,77
2548,MIECZYSŁAW,PRAJS,21,547
2549,GRAŻYNA,BUDZISZAK,23,600
2550,IRENA,ZIOB,24,183
2551,ALEKSANDRA,JODŁOWSKA,23,464
2552,PAWEŁ,PATER,25,174
2553,BEATA,KUCZYŃSKA,24,973
2554,ANNA,NAUMOWICZ,19,596
2555,BARTŁOMIEJ,CZOSKA,18,158
2556,RAFAŁ,KRZYWOŃ,20,296
2557,JACEK,IWANOWSKI,19,319
2558,PRZEMYSŁAW,DAMEK,25,637
2559,MACIEJ,PRAŁAT,19,650
2560,WAWRZYNIEC,ŚWIĄTKOWSKI,20,881
2561,KATARZYNA,SAADE,25,280
2562,ANNA,WYTYCZAK,19,169
2563,ŁUCJA,KOWALSKA,19,355
2564,CHRISTIAN,SABA,20,325
2565,INA,PELKA,19,761
2566,MAGDALENA,KLUKOWSKA,19,164
2567,JULIA,BRYL,22,444
2568,BRONISŁAW,KRZEBIETKE,26,193
2569,BARTOSZ,SIEWIERSKI,18,809
2570,BEATA,SOWA,23,910
2571,WIESŁAWA,OWŁASIUK,23,67
2572,SZYMON,ZIEJA,22,654
2573,ALYSSA,GOŁASZEWSKA,20,500
2574,KRYSTYNA,SKOPNIK,25,615
2575,MAJA,IOAN,19,263
2576,MIECZYSŁAW,NIEDŹWIECKI,22,668
2577,DARIUSZ,KLISHEVICH,21,686
2578,PAWEŁ,POTOCZEK,22,586
2579,LECH,ROGOZIŃSKI,25,448
2580,KAZIMIERA,BOŁDYŃSKA VEL DOBRSKA,22,305
2581,JANINA,KNAPA,26,843
2582,ROMAN,PROKOP,24,395
2583,WIKTORIA,ROSIŃSKA,25,1
2584,ZOFIA,GADOMSKA,18,199
2585,DAMIAN,OLEJNICZAK,19,183
2586,JOHN,FUGLEWICZ,20,308
2587,HELENA,WOJCIECHOWSKA,26,404
2588,JOLANTA,WRZESIEŃ,23,493
2589,ANTONI,NIEDOŚPIAŁ,21,680
2590,ELŻBIETA,BUDA,18,894
2591,MICHAŁ,KUCHTA,22,183
2592,LUDMIŁA,PYZA,22,808
2593,ALBERT,JABS,26,388
2594,JOANNA,NOWACKA,22,536
2595,MAREK,TORBA,22,140
2596,ŁUCJA,ROMAŃCZUK,19,914
2597,MIROSŁAW,ZELENETSKYI,23,164
2598,KONRAD,BEDNAREK,20,911
2599,PIOTR,PACHUT,24,950
2600,DARIA,ZAPOROWSKA,19,473
2601,WIKTORIA,BASIAK,19,901
2602,NADIA,MELER,24,30
2603,CZESŁAW,BACHOWSKI,18,43
2604,ŁUKASZ,BOBICKI,18,403
2605,EDYTA,WĄSOWSKA,20,795
2606,MARIIA,GAJEWSKA,26,264
2607,WITOLD,PIWOWARCZYK,21,408
2608,CEZARY,LUSZOWSKI,18,38
2609,ANNA,SANDERA,26,833
2610,KACPER,ALLEN,25,568
2611,MICHAŁ,JĘDRZEJUK,23,477
2612,MARIA,KAPELKO,25,357
2613,ROZALIA,SISULEWSKA,26,569
2614,JOANNA,POTOCKA,21,674
2615,OLEKSANDR,GÓRLIŃSKI,25,462
2616,ELIZA,TOMKOWID,19,558
2617,JÓZEF,KALANDYK,21,252
2618,MARCIN,HOLIK,21,267
2619,PRZEMYSŁAW,ŁOTOCKI,24,835
2620,OLIWIA,BAJUR,18,639
2621,LESZEK,KOŚLACZ,23,694
2622,TADEUSZ,MACKIEWICZ,26,428
2623,NORBERT,DĄDALSKI,26,301
2624,KORNELIA,RATAJCZYK,18,399
2625,DAWID,LEWANDOWSKI,26,338
2626,KAROLINA,SOBIERAJ,24,541
2627,BEATA,KANIA,18,933
2628,MICHAŁ,GRYNCEWICZ,20,153
2629,ZUZANNA,PĘDZIKOWSKA,25,724
2630,PAWEŁ,SALZGER,26,165
2631,KRZYSZTOF,BATOR,21,770
2632,JAN,WOŹNIAK,20,275
2633,SERHII,BARAŃSKI,20,97
2634,ROMAN,KWIATKOWSKI,24,287
2635,ALEKSANDRA,BYRTUS,26,206
2636,ARTUR,STĘPIEŃ,24,238
2637,SŁAWOMIR,LEWSZUK,23,151
2638,DAGNY,MIKOŁAJCZYK,21,943
2639,JAN,SZAYNA,20,501
2640,KRZYSZTOF,GAJDUR,18,831
2641,MARIUSZ,MARKS,25,730
2642,IRENA,PRZYBYLSKA,19,874
2643,GRZEGORZ,ZOSZCZUK,26,459
2644,ALBIN,RADOMSKI,23,524
2645,GRZEGORZ,GOŁĘBIEWSKI,26,476
2646,JAKUB,WITYK,22,868
2647,PIOTR,ZOŃ,20,329
2648,MAREK,TARNOWSKI,22,569
2649,BOGUSŁAW,MICHAŁEK,22,303
2650,KALINA,ROBASZKIEWICZ,18,579
2651,TOMASZ,JERYCH,26,539
2652,MAREK,WIKTOR,22,280
2653,ARTŪRS,RYŚ,23,322
2654,STANISŁAW,SERAFIŃCZUK,23,785
2655,IRENEUSZ,ZIĘBA,24,177
2656,MAREK,BANASIAK,18,295
2657,MARIA,HORPYNKO,26,774
2658,MICHAŁ,GĄDEK,24,496
2659,MAKSYMILIAN,BUJALSKI,23,632
2660,TOMASZ,KIELAR,21,980
2661,SZYMON,PASZKO,22,60
2662,BARBARA,SUDOMIRSKA,20,815
2663,ELŻBIETA,MECHLIŃSKA,21,380
2664,MARCIN,BABICZ,25,900
2665,ANNA,COMSKA,22,76
2666,LUCYNA,NIEDZIELSKA,26,930
2667,BOGUSŁAW,JURGOWSKI,21,900
2668,BOŻENA,HOŁYŃSKA,25,210
2669,AGNIESZKA,ZAJĄC,20,228
2670,RAFAŁ,TKACZYK,23,207
2671,MONIKA,SKOCZYLAS,21,161
2672,WERONIKA,BABICZ,26,388
2673,MARIA,JAGLARZ,26,43
2674,DAWID,CIĘŻADLIK,24,211
2675,HELENA,KOSMALA,22,636
2676,HUBERT,SENDOR,21,959
2677,LUCYNA,MAGIERECKA,18,153
2678,GABRIELA,WEBER,19,459
2679,BARTŁOMIEJ,FUTA,19,852
2680,FILIP,FRĄTCZAK,24,460
2681,TYMOTEUSZ,OTOK,19,404
2682,MILENA,BURAK,24,727
2683,LIDIA,PŁASKA,21,240
2684,MARZENNA,PINKIEWICZ,26,187
2685,PAWEŁ,GASZYŃSKI,21,265
2686,KRZYSZTOF,PIETRZAK,20,289
2687,BARTŁOMIEJ,KONKEL,19,295
2688,MAJA,BASIAK,20,164
2689,SANDRA,PERSAK,26,573
2690,PIOTR,WIERZBICKI,21,820
2691,ANDRZEJ,POŁASKI,18,905
2692,DOROTA,ZAKRZEWSKA,22,133
2693,DARIA,KOWOL,19,223
2694,MARIA,KAJZAR,21,729
2695,ZOFIA,IGNASIAK,19,169
2696,BOGUMIŁA,PAŹ,23,911
2697,MIŁOSZ,KOCHAŃSKI,25,100
2698,OLGA,KRAIŃSKA,26,563
2699,IZABELA,KOWALSKA,22,337
2700,MARIA,TELESIŃSKA,24,402
2701,SABINA,BABORYKO,26,526
2702,DANIEL,JADANOWSKI,23,811
2703,ANIELA,MAŁEK,20,873
2704,ANNA,HEISIG,24,623
2705,MAKSYM,DEPA,19,673
2706,JOLANTA,POSŁUSZNY,23,191
2707,ANTONI,CHWAŁA,19,206
2708,MAŁGORZATA,ŚRÓBKA,18,525
2709,ILYA,WALCZYK,18,107
2710,DARIA,WIŚNIEWSKA,20,932
2711,ANETA,ZIĘTEK,24,995
2712,EUGENIUSZ,KACZMAREK,21,155
2713,PIOTR,CHLUDZIŃSKI,22,391
2714,PATRYCJA,WÓJTOWICZ,21,875
2715,EOIN,KOMOR,19,399
2716,STEFANIA,ŁABĘDZKA,25,885
2717,MAGDALENA,OLEKSIUK,25,806
2718,SYLWIA,SUŁECKA,21,352
2719,AGNIESZKA,OZIMEK,23,178
2720,MATEUSZ,STRYCZEK,25,514
2721,KAJETAN,BUDA,26,339
2722,YULIIA,SINIECKA,26,437
2723,KRYSTYNA,FILAR,26,892
2724,BERNARD,MEDVEDENKO,24,619
2725,ARTUR,KRAKOWIAK,19,881
2726,MICHALINA,PRUSZKOWSKA,24,46
2727,MARIUSZ,RADECKI,19,892
2728,ANNA,SUDOŁ,20,311
2729,KAMIL,KUJAWA,19,971
2730,DENIS,YAKHVAK,23,711
2731,MARTA,BACH,18,857
2732,ZYGMUNT,RURARZ,25,322
2733,KACPER,KOWALSKI,23,808
2734,PIOTR,GUMIŃSKI,23,713
2735,ARTUR,KMIECIK,24,897
2736,MONIKA,MADCZAK,21,293
2737,CZESŁAW,BABIARZ,21,304
2738,AGNIESZKA,WIĘZIK,19,258
2739,RAFAŁ,KLIMEK,19,852
2740,ZENON,MULAWA,25,575
2741,TADEUSZ,TURZAŃSKI,22,943
2742,ANNA,DRAMCZYK,20,891
2743,MIECZYSŁAW,KOHYT,20,219
2744,PIOTR,SWAT,20,154
2745,AGNIESZKA,MOLIŃSKA,18,44
2746,WIKTORIA,KURA,26,91
2747,KRYSTIAN,ŚLIWIŃSKI,18,538
2748,HALYNA,ŁUKAŃKO,26,129
2749,GABRIELA,BŁONIARCZYK,24,30
2750,MONIKA,OBARSKA,26,409
2751,MAREK,CHUDZIK,22,967
2752,JAROSŁAW,KARLSSON,19,318
2753,HALINA,DZIUBAN,25,628
2754,ROBERT,KOZYRA,25,504
2755,NATALIA,PAŁUBA,23,942
2756,IRENA,JACH,19,176
2757,MATEUSZ,JARVIE,26,727
2758,TOMASZ,SZYMAŃSKI,23,555
2759,LUBOMIR,SŁOMSKI,25,74
2760,OLGA,WYSOCKA,20,378
2761,MAŁGORZATA,BABIARZ,23,438
2762,MIECZYSŁAW,GOŁASZEWSKI,23,409
2763,JUSTYNA,WESOŁOWSKA,23,185
2764,RADOSŁAW,KIEŁBASA,24,7
2765,ROMUALD,WOJCIECHOWSKI,21,118
2766,MAGDALENA,WYDRA,22,195
2767,ROBERT,MIŁOSZ,18,948
2768,OKSANA,ADAMEJT,24,850
2769,MONIKA,STELMASHCHUK,25,700
2770,JAROSŁAW,TRELA,23,777
2771,ESTERA,GRZYBOWSKA,19,674
2772,KAROLINA,PAPUGA,26,212
2773,MARTA,PAWELCZYK,21,104
2774,VIKTORIIA,WÓJCIAK,25,619
2775,VIKTORYIA,DZIK,22,136
2776,IHOR,CEJKO,23,173
2777,JACEK,BERNACKI,18,54
2778,KACPER,OLSZEWSKI,20,364
2779,JOANNA,BUKOWSKA,22,647
2780,PAWEŁ,CHOJNOWSKI,26,492
2781,MYKYTA,ŻURAWSKI,20,444
2782,BARBARA,GRZELAK,23,297
2783,ARTUR,KOWALSKI,20,490
2784,BRAJAN,JANAS,22,10
2785,LIDIA,KIEŁBASIŃSKA,18,420
2786,JANUSZ,PAWŁOWSKI,18,544
2787,MAGDALENA,BOROWSKA,23,353
2788,PAWEŁ,VIVCHARYK,24,121
2789,KATARZYNA,URBANOWICZ,24,676
2790,PAWEŁ,ZIĘBA,19,252
2791,KRZYSZTOF,SHAPOVAL,25,967
2792,BEATA,SMÓL,26,610
2793,JAN,KOPEL,26,409
2794,ZBIGNIEW,URODA,23,37
2795,STANISŁAW,JARACZ,19,76
2796,GRAŻYNA,GRANOSIK,19,701
2797,KACPER,PALANIS,22,988
2798,DAMIAN,LISIEWSKI,26,702
2799,MARTA,ZELEK,20,79
2800,MARIUSZ,SROCKI,21,755
2801,BARTŁOMIEJ,KALISZ,24,272
2802,TOMASZ,WEBER,26,271
2803,GABRIELA,ZABORSKA,19,964
2804,SEBASTIAN,KIEDROWSKI,21,637
2805,MARIA,SODEL,24,282
2806,EDUARD,ZIELIŃSKI,18,497
2807,STEPHEN,BIAŁECKI,19,694
2808,DARIUSZ,SIEMIŃSKI,19,112
2809,MATEUSZ,KISIEL,20,835
2810,BRONISŁAWA,JACZYŃSKA,25,457
2811,ALICJA,JANICKA,24,417
2812,MICHAŁ,GOOS,23,25
2813,JOANNA,TE WIERIKE,21,820
2814,MARIA,KOZŁOWSKA,23,100
2815,JULIA,ROLBIECKA,18,334
2816,PRZEMYSŁAW,ZALEWSKI,18,819
2817,JAKUB,JASKOWIAK,24,294
2818,ELŻBIETA,KOWNACKA,19,425
2819,KACPER,ATŁAS,19,827
2820,LENA,SKALSKA,22,561
2821,MAŁGORZATA,WOŹNIAK,22,981
2822,KAMIL,SKRZECZEK,26,301
2823,CZESŁAWA,KRAMEK,18,878
2824,MONIKA,PETNER,22,533
2825,KAROLINA,TARNIEWICZ,23,48
2826,WŁADYSŁAW,SEREK,22,608
2827,GRZEGORZ,GREGORCZYK,25,846
2828,ADAM,BAJORSKI,21,559
2829,RYSZARD,BOROWICZ,23,16
2830,MARIAN,JARZYNKA,20,350
2831,BEATA,SZAFRAŃSKA,26,734
2832,DARIUSZ,BĄK,24,266
2833,ELŻBIETA,BUCZAK,24,98
2834,KAZIMIERZ,WEBER,19,120
2835,SYLWIA,ŻEBROWSKA,22,318
2836,ELŻBIETA,MIKRUT,22,217
2837,KRYSTYNA,KOCIUBA,23,282
2838,JÓZEF,ZIELIŃSKI,23,450
2839,JAN,NOWAK,18,176
2840,ROMAN,JAWORSKI,19,303
2841,DOROTA,TRZECIAK,25,878
2842,EMILIA,NOWAK,25,854
2843,ZDZISŁAWA,VRTIŠKA,26,388
2844,SZYMON,BUREK,22,381
2845,ZDZISŁAW,PERON,22,75
2846,PAWEŁ,MRUK,21,438
2847,PAULINA,KRZYŻANIAK,25,824
2848,DANIELE,GROMEK,20,173
2849,ALBIN,BIESIADOWSKI-ROGALSKI,24,96
2850,MAŁGORZATA,SZIL,22,815
2851,MONIKA,KAMIŃSKA,19,215
2852,ARTUR,TYMOSZUK,18,332
2853,DONATA,BUCZEK,22,965
2854,LESZEK,KOZŁOWSKI,22,305
2855,ANDRZEJ,PIECZENIAK,21,836
2856,JULIA,STANIA,24,318
2857,MICHAŁ,KIMLA,21,799
2858,JULIA,KONDRUSIK,18,109
2859,ŁUKASZ,OLEKSIAK,23,291
2860,BOŻENA,GRASZA,21,873
2861,STEFAN,DULĘBA,18,91
2862,OSCAR,STARZEC,25,550
2863,BOŻENA,SIEMIENIUCH,20,116
2864,DOMINIK,ŚWIERCZEK,19,932
2865,KACPER,OGÓREK,22,965
2866,KATARZYNA,JAŁOCHA,25,817
2867,IGOR,KLUCHA,24,301
2868,GRZEGORZ,SZEWCZYK,26,810
2869,IZABELA,ŻYWCZOK,25,307
2870,ILONA,GELLER,23,7
2871,KAMIL,NOWAK,24,435
2872,PIOTR,PAJER,22,567
2873,MAREK,LIPP,26,138
2874,HELENA,JANCZYK,23,23
2875,MICHAŁ,ŁOSEK,24,580
2876,PIOTR,GRABOWSKI,25,787
2877,WIKTOR,MARCZAK,23,196
2878,KAMIL,DĄBROWSKI,24,58
2879,TEOFIL,ZŁAKOWSKI,24,755
2880,IGA,ZIOŁECKA,20,85
2881,ALICJA,LAHANOVSKA,24,652
2882,PAVLA,JURASZCZYK,24,703
2883,RAFAŁ,LESIŃSKI,23,681
2884,LIDIA,KWIATKOWSKA,21,903
2885,ANNA,OSIŃSKA,24,600
2886,STANISŁAWA,ROLKA,20,390
2887,ALEKSANDRA,ANDRZEJEWSKA,19,436
2888,JAKUB,SUCHARZEWSKI,26,720
2889,ANDRZEJ,CICHOS,20,50
2890,ADAM,WOŹNIAK,21,784
2891,SYLWESTER,KOZIEŁ,20,895
2892,WIESŁAWA,DOLIŃSKA,18,897
2893,HELENA,SZYBA,26,187
2894,ELŻBIETA,ZIELIŃSKA,21,740
2895,PATRYK,SANKOWSKI,25,974
2896,DANIEL,SZCZERBA,22,374
2897,ADAM,MICHAEL,19,52
2898,JACEK,DURMA,19,29
2899,DARIUSZ,FLOREK,23,148
2900,PAULINA,WIECZORKIEWICZ,25,340
2901,LIDIA,GAWLAK,19,2
2902,JADWIGA,CINIEWSKA,18,963
2903,JAKUB,KOWALIK,26,808
2904,HENRYK,SENTOREK,25,431
2905,KRYSTYNA,GÓRECKA,22,887
2906,MAŁGORZATA,PLAGA,19,117
2907,ANIELA,FIDUT,26,680
2908,ZBIGNIEW,PLIUSHCH,22,259
2909,ELŻBIETA,NIEWIERKIEWICZ,18,767
2910,FILIP,URBAŃSKI,20,352
2911,MARCEL,MARKOWSKI,24,780
2912,MIROSŁAW,WOJTASEK,23,437
2913,JUSTYNA,CICHOŃ,18,46
2914,NIKODEM,KOPERCZAK,21,210
2915,JAROSŁAW,MIERZEJEWSKI,23,717
2916,MARIAN,TOMERA,18,180
2917,WIOLETTA,MAJEWSKA,20,164
2918,KATARZYNA,RADOMSKA,21,766
2919,ANNA,WIŚNIEWSKA,23,612
2920,LUCYNA,ANDRUCHÓW,25,558
2921,RONA,PIOTROWSKA,25,542
2922,ŁUKASZ,WRÓBEL,23,551
2923,MARIUSZ,GIEMZA,22,973
2924,MARCIN,DZIOBA,18,936
2925,KATARZYNA,SIEK,26,676
2926,ADAM,SZCZEPANIAK,22,872
2927,SZYMON,CHUDZIK,26,216
2928,PIOTR,KOŁDA,25,730
2929,BARNO,ANDONOV,26,891
2930,MATEUSZ,MALINOVSKYI,22,735
2931,KRYSTYNA,KRAJEWSKA,20,579
2932,NIKOLA,MOROZ,18,799
2933,JULIA,SAMUL,19,104
2934,MATEUSZ,CIEŚLIŃSKI,21,504
2935,LEON,DĄBROWSKI,18,822
2936,PIOTR,KRAICZEK,26,506
2937,RYSZARD,CHMURA,23,386
2938,KRYSTYNA,JUR,20,191
2939,ANDRZEJ,GABRYŚ,26,724
2940,IRENA,POLNIAK,26,262
2941,VOLODYMYR,SZAŁECKI,22,146
2942,ARKADIUSZ,WICKI,19,73
2943,JACEK,BARTCZAK,26,328
2944,MAŁGORZATA,DUDA,22,122
2945,JANINA,MICKHOLZ,19,864
2946,MAŁGORZATA,MOŹDZIERZ,22,272
2947,PIOTR,SZABŁOWSKI,22,831
2948,PIOTR,TOBOŁA,25,339
2949,IRYNA,RYBARCZYK,20,543
2950,SŁAWOMIR,KASPERSKI,24,6
2951,DAWID,PAPIERNIK,24,231
2952,JERZY,HORDZIEJEWICZ,24,517
2953,ANNA,RAMS,23,566
2954,PAWEŁ,KISIEL,21,11
2955,MICHALINA,SIOŁA,26,625
2956,FURKAN,AFANASIEV,21,404
2957,EWA,LIPIEJKO,21,264
2958,MICHAŁ,LEŚNIAK,26,494
2959,ŁUKASZ,PAJĄCZEK,23,343
2960,BARTŁOMIEJ,ZARYCHTA,20,243
2961,TERESA,KNAPIK,23,15
2962,CZESŁAWA,GAWLIK,19,728
2963,MATEUSZ,KROPIELNICKI,21,250
2964,MAŁGORZATA,JACAK,24,688
2965,IVRII,CIECHANOWICZ,19,578
2966,MARIAN,SUROWANIEC,25,657
2967,DAGMARA,RUSZCZAK,24,186
2968,JADWIGA,GÓRECKA,22,766
2969,MACIEJ,WRÓBLEWSKI,22,338
2970,JAN,BANDERA,24,828
2971,KINGA,HOLKO,25,815
2972,KAROL,GRZEŚKO,25,694
2973,MARTA,WYŻGA,18,922
2974,EWA,KRUKOWSKA,21,611
2975,ALEKSANDRA,KWIATKOWSKA,19,31
2976,RYSZARD,TOMAŁA,24,917
2977,MARIA,SZCZENIOWSKA,23,154
2978,TADEUSZ,KAPUŚCIK,18,625
2979,CECYLIA,SZARADOWSKA,24,611
2980,JAN,RUTKOWSKI,26,656
2981,DARIUSZ,MEDOROWSKI,18,423
2982,BARBARA,CICHOŃ,24,455
2983,JOANNA,SPYCHAŁA,26,913
2984,KACPER,WÓJCIK,26,9
2985,AGATA,BORZĘDOWSKA,21,917
2986,ROKSANA,SOBOLEWSKA,26,604
2987,PRZEMYSŁAW,MATUSZELAŃSKI,21,924
2988,ZUZANNA,NAWROCKA,25,972
2989,JOANNA,KAMIEŃCZUK,22,487
2990,ELŻBIETA,KITA,24,101
2991,NIKODEM,BAJOREK,19,79
2992,SIARHEI,BAREJA,21,249
2993,DANIEL,LEWANDOWSKI,24,180
2994,ROBERT,SIKORA,23,629
2995,BRONISŁAWA,ŁUCZAK,22,146
2996,WANDA,PEIKERT,22,595
2997,JAN,WOCIÓR,23,351
2998,JAN,BRYK,18,803
2999,GABRIELA,DYBA,22,814
3000,ARTUR,LIGĘZA,24,976
3001,MARIAN,NOWICKI,20,290
3002,KATARZYNA,MARCINKOWSKA,19,820
3003,JOANNA,DUDA,22,27
3004,ANNA,WIĄCEK,21,979
3005,SEBASTIAN,JANELIDZE,22,784
3006,JAKUB,MARCONI,24,126
3007,BEATA,IWANECKA,20,883
3008,EMILIA,RZYSKA,23,172
3009,MAKSYMILIAN,REMISZ,24,158
3010,MICHAŁ,LAUGHLIN,23,292
3011,ARTEM,PORADZISZ,26,273
3012,BEATA,WASIK,23,496
3013,ZUZANNA,RYCHTER,19,525
3014,DANIEL,KUBISZYN,21,289
3015,IGNACY,ZIELIŃSKI,19,652
3016,MIRIANI,TRZECIAK,21,875
3017,ADRIAN,DĄBSKI,24,942
3018,KATARZYNA,NOWOCIEŃ,18,700
3019,RYSZARD,BEDNARSKI,21,938
3020,DAMIAN,CHMIELARSKI,26,738
3021,RYSZARD,KUSTRA,23,106
3022,PIOTR,RYNKIEWICZ,20,507
3023,PATRYCJA,ZIELONKA,22,242
3024,IZABELA,MILEWSKA,21,446
3025,FILIP,ROBACZEK,23,453
3026,MACIEJ,ŚLEBODZIŃSKI,18,58
3027,ARTUR,JOB,21,618
3028,PAWEŁ,ŚLIWIŃSKI,25,171
3029,RENATA,KWAPISZ,19,471
3030,ŁUKASZ,WOJTUNIK,26,851
3031,JOANNA,SURMIAK,22,737
3032,PAULINA,LEŚNIAK,20,504
3033,MICHAŁ,GAJ,23,342
3034,MAGDALENA,KISIEL,25,920
3035,LIDIA,KUREK,22,274
3036,HONORATA,JEŻEWSKA,20,359
3037,SYLWIA,WINIARZ,23,363
3038,DANUTA,CUETO,21,245
3039,NIKOLA,MOJAK,21,70
3040,ZYGMUNT,PĄCZKA,20,269
3041,SERGIU,KOZON,24,639
3042,CZESŁAW,KABACIŃSKI,21,665
3043,SEBASTIAN,MAKAREWICZ,25,124
3044,MAREK,ANDRUKIEWICZ,22,844
3045,ANTONINA,KUPIEC,24,761
3046,JAN,MAZUREK,22,403
3047,DOROTA,ŚLIWA,22,416
3048,MAREK,LUBOJAŃSKI,20,892
3049,ZOFIA,SKRZYP,20,214
3050,ANDRZEJ,PŁÓCIENNICZAK,18,995
3051,KAMIL,SYNIAVSKYI,18,509
3052,BOŻENA,FIREK,24,537
3053,KAROLINA,NOWAK,25,493
3054,ANNA,SZKLARSKA,22,966
3055,VANESSA,DZIERGOWSKA,19,47
3056,JÓZEF,KUŹMIŃSKI,26,447
3057,KRZYSZTOF,GNYP,19,30
3058,ELŻBIETA,WOŁODŹKO,26,884
3059,BRYGIDA,MAJEWSKA,18,689
3060,KRZYSZTOF,POLIKSZA,22,1
3061,PRZEMYSŁAW,GRABOWSKI,21,135
3062,ANNA,MURAWSKA,20,693
3063,BEATA,SZEWCZYK,23,159
3064,PAWEŁ,ZARZYCKI,20,39
3065,JACEK,DASHIEV,22,867
3066,ZDZISŁAWA,GABRYELCZYK,25,398
3067,ANNA,GIERAŁKA,23,474
3068,MAREK,BASIAK,22,862
3069,JACEK,TOKARZ,23,686
3070,MARTA,GAJECKA,22,378
3071,RAFAŁ,GILEWSKI,19,821
3072,LESZEK,WASIAK,26,450
3073,KRYSTIAN,HOŁODNIAK,26,665
3074,ANETA,PUCKO,21,404
3075,RADOSŁAW,HARAI,23,296
3076,SARA,GLISTAK,24,496
3077,MONIKA,SZCZYRBA,23,974
3078,KRZYSZTOF,PIETRZYKOWSKI,26,410
3079,GRAŻYNA,SŁOWIK,21,753
3080,ALEKSANDER,ZAWORSKI,25,991
3081,TERESA,BARTNICKA,24,24
3082,EUGENIUSZ,MATYSIAK,22,620
3083,VLADYSLAV,SŁOWIK,26,521
3084,JAKUB,SALAMON,26,293
3085,BOGDAN,NOWICKI,26,107
3086,AGNIESZKA,ŚNIEŻAWSKA,21,147
3087,MAŁGORZATA,ŚWIENC,22,698
3088,GABRIELA,WITKOWSKA,24,823
3089,JANUSZ,MAKOWSKI,18,523
3090,ZYGMUNT,KOWALSKI,22,341
3091,KRZYSZTOF,MATYSKA,25,835
3092,WOJCIECH,BARSZCZ,23,336
3093,PRZEMYSŁAW,DREJASZ,24,283
3094,DIANA,MIERZWA,22,549
3095,KRZYSZTOF,KRALKOWSKI,26,844
3096,BOGUSŁAWA,GABORY,19,611
3097,KAROLINA,MOŚCICKA,21,972
3098,ZDZISŁAW,OSTROWSKI,25,504
3099,TERESA,CZMOK,20,404
3100,JAKUB,AMBROSZCZYK,24,509
3101,JACEK,SAPIAN,21,439
3102,ZOFIA,SZATANIK,25,547
3103,ZENON,BIELICKI,26,477
3104,MARZENA,PALUCH,20,106
3105,MARTA,SZEWCZYK,22,712
3106,JAKUB,SOBIECH,22,393
3107,MARCIN,SZPULARZ,25,433
3108,MARTA,WÓJCIK,20,392
3109,GRZEGORZ,KRÓL,23,921
3110,ADRIAN,GÓRECKI,26,929
3111,IWONA,SAMULEWICZ,19,235
3112,JOANNA,DYJASIŃSKA,19,825
3113,PAWEŁ,JAŁBRZYKOWSKI,19,857
3114,SZYMON,DURA,22,397
3115,AMELIA,WŁODARCZYK,24,500
3116,ZBIGNIEW,JAKUBIAK,21,475
3117,ASIM,RAILEAN,20,527
3118,MARIUSZ,MIDURA,23,757
3119,VOLODYMYR,MACHOLA,19,47
3120,MAGDALENA,KARPIŃSKA,21,410
3121,BARTŁOMIEJ,MATWIJÓW,18,22
3122,ALDONA,KOWALIK,21,258
3123,TOMASZ,MUŁA,19,483
3124,JAN,NADSTAZIK,18,870
3125,DOROTA,MALICKA,23,286
3126,ZBIGNIEW,JASIŃSKI,26,616
3127,PRZEMYSŁAW,BARTOŃ,18,413
3128,STEFANIA,TWARDOWSKA,25,928
3129,SEBASTIAN,ZDUŃSKI,25,749
3130,JAN,OWCZAREK,20,467
3131,WACŁAW,SŁOMCZYŃSKI,21,319
3132,URSZULA,COTT,22,718
3133,AMELIA,OLBRYŚ,23,776
3134,JERZY,RAVSHANOV,25,635
3135,ADAM,BUŁKA,20,681
3136,TOMASZ,KOPACZ,25,7
3137,WANDA,KRAJENTA,24,105
3138,DARIUSZ,KRAJEWSKI,21,139
3139,EDYTA,KOTARBA,24,370
3140,ROBERT,NATKANIEC,22,449
3141,STANISŁAWA,BURY,23,911
3142,PAULINA,KOZŁOWSKA,19,596
3143,BEATA,DAJCZ,18,699
3144,KLAUDIA,POP,18,966
3145,KACPER,SIWIEC,26,212
3146,DOROTA,LESZKO,21,504
3147,ADAM,GIEMZA,26,463
3148,JAKUB,ADAMIEC,24,573
3149,WIKTOR,HILA,21,6
3150,KAMIL,SKOTNICKI,25,296
3151,IZABELA,SZKUP,23,107
3152,SYLWERIUSZ,ŚCIBOR,25,422
3153,STANISŁAWA,KUTYPA,25,854
3154,KRZYSZTOF,BARCIK,25,367
3155,JANINA,SZUSTER,22,22
3156,POLA,ZIENTEK,18,974
3157,MAŁGORZATA,BUJAKOWSKA,18,822
3158,ROMAN,SULIK,23,80
3159,MARTA,KUCZERA,21,220
3160,HUBERT,GAŚ,19,193
3161,EDMUND,KOTT,18,483
3162,JAKUB,CHOJNICKI,23,643
3163,JUSTYNA,LECH,22,261
3164,ROMAN,SKRZYPEK,20,255
3165,JOANNA,ZBROJA,22,886
3166,RENATA,KRĘPLEWSKA,21,990
3167,MARIA,PIASECKA,19,781
3168,SOFIA,BARAN,24,669
3169,MARCIN,ŚWIĄTAŃSKI,21,928
3170,MARIOLA,RUSNACZYK,23,744
3171,DANIEL,JAKUSZKO,18,872
3172,JANINA,WILCZYŃSKA,18,485
3173,AGNIESZKA,DZIUBA,21,826
3174,ADELA,JANCZEWSKA,24,959
3175,MARIUSZ,SKURSKI,23,499
3176,KATARZYNA,SZWAJNOCH,26,561
3177,BORISLAV,WOLNY,20,709
3178,ANNA,GORAJ,21,521
3179,TERESA,WOLSKA,26,57
3180,WOJCIECH,RATAJSZCZAK,26,257
3181,DOMINIKA,KRUPA,19,957
3182,DOMINIK,ZYGMUNCIAK,21,361
3183,ANDRZEJ,SOŁTYSIK,22,848
3184,EDYTA,JASZCZUŁT,22,204
3185,JANINA,EFE,19,44
3186,WIESŁAW,MILLER,20,912
3187,SŁAWOMIR,JĘDRUSZAK,18,367
3188,AARON,CZAJKA,20,836
3189,TEODORA,KAMIŃSKA,21,432
3190,MATEUSZ,BORKOWSKI,21,563
3191,YULIYA,SKRZYPEK,22,393
3192,KRZYSZTOF,KACZKOWSKI,21,615
3193,MARCIN,NOWAK,23,114
3194,NATANAEL,ZAMOJSKI,23,649
3195,ABIGAIL,MINDA,19,102
3196,JEREMIASZ,ZIĘTEK,23,612
3197,WIESŁAW,CISZEK,24,152
3198,ANNA,LACHOWICZ,23,482
3199,ROMAN,MASTEJ,19,139
3200,OSKAR,MAJ,26,41
3201,JÓZEF,OLESZYŃSKI,20,483
3202,ANDRZEJ,SZUTT,25,896
3203,WŁADYSŁAWA,BĄKOWICZ,18,725
3204,MARIA,JETTKA,23,158
3205,KAMILA,KOZŁOWSKA,25,556
3206,MIROSŁAW,KUJAWA,19,685
3207,DANIEL,SAWICKI,26,644
3208,ZDZISŁAW,KRUCZEK,22,318
3209,PIOTR,KORZEŃ,18,569
3210,IRENA,JĘDRASZCZYK,25,659
3211,WIKTOR,WILCZYŃSKI,18,681
3212,BRENDAN,TRAWICKI,22,764
3213,ŁUKASZ,COŁOŚ,25,312
3214,TOMASZ,KRAWCZYK,24,738
3215,PAWEŁ,JARACZ,23,86
3216,ELŻBIETA,DUDEK,26,701
3217,JANINA,MALINOWSKA,24,368
3218,FRANCISZEK,MATYS,24,55
3219,TOMASZ,MORAWSKI,19,416
3220,MARCIN,BAKIERA,26,629
3221,ERYKA,GONDEK,24,958
3222,JOANNA,SZUTA,21,5
3223,PIOTR,KRÓL,23,536
3224,MAŁGORZATA,BAWAJ,19,744
3225,MONIKA,PŁUCIENNIK,20,595
3226,MICHAŁ,WRÓBLEWSKI,26,450
3227,STANISŁAW,KASPRZAK,20,824
3228,DÉBORA,ŁASZKIEWICZ,18,760
3229,ROMAN,SAVON,24,803
3230,AGNIESZKA,MARCINIEC,20,416
3231,IGOR,ŁAGOŻNY,25,454
3232,KAROL,KATOLIK,26,60
3233,MARIA,KUBIŃSKA,19,475
3234,URSZULA,NOWICKA,18,992
3235,ROZALIA,SZUBA,22,594
3236,ERYK,IGRAS,23,325
3237,JACEK,KRZYŻANOWSKI,19,374
3238,JOLANTA,ZMITROWICZ,23,896
3239,EMILIA,KOCZOROWSKA,18,161
3240,MACIEJ,BASIAK,21,655
3241,ALEKSANDER,SZYBA,21,214
3242,GABRIELA,CZYŻEWSKA,26,482
3243,MONIKA,GOŁĘBIOWSKA,20,538
3244,BARTŁOMIEJ,WIĘCKOWSKI,25,114
3245,KAROLINA,ROGOWSKA,18,498
3246,IZABELA,ZEISING,21,17
3247,ANGELIKA,GOLIŃSKA,19,191
3248,ANTONI,KONWA,20,18
3249,PATRYCJA,KOGUT,23,663
3250,IWONA,DRABAREK,26,451
3251,NIKODEM,TKACZ,19,934
3252,MACIEJ,WILKOWSKI,22,863
3253,PATRYCJA,CHLEBUŚ,24,944
3254,DONATA,WIĘCKIEWICZ,22,318
3255,STANISŁAW,KĘDZIORA,26,688
3256,PAWEŁ,GLAJC,23,620
3257,TERESA,ADAMCZUK,20,246
3258,BARBARA,SUDY,22,771
3259,STANISŁAW,ZIĘTEK,25,447
3260,JULIA,DRĄG,23,580
3261,MATEUSZ,SZELIGA,25,684
3262,MARIA,ROSIAK,19,699
3263,JOANNA,KUCHTA,26,888
3264,MONIKA,DAWID,24,95
3265,IWONA,SZULTA,25,17
3266,ANETA,KUKOWKA,21,167
3267,KRYSTIAN,ZIELONKO,25,485
3268,ELKHAN,SMALCERZ,26,275
3269,BRONISŁAW,MAŁEK,21,819
3270,WANDA,ISKRA,20,237
3271,ANIELA,POTOCZNA,19,124
3272,STANISŁAWA,KAMIŃSKA,23,670
3273,PIOTR,KARUBIN,19,212
3274,GRACJAN,SYRDA,20,469
3275,ANDRZEJ,ADAMKOWSKI,25,257
3276,SŁAWOMIR,STARUCH,26,832
3277,NATASZA,PSZCZÓŁKA,25,451
3278,MAKSYMILIAN,ROŻEK,23,930
3279,JULIAN,STAŃDO,22,645
3280,HALINA,PERETZ,24,822
3281,JÓZEF,DUL,21,185
3282,JACEK,TORBA,19,501
3283,ŁUCJA,DALKOWSKA,22,217
3284,JAN,CZARNEK,26,882
3285,ŁUKASZ,KOWALSKI,23,926
3286,URSZULA,KAPALA,18,908
3287,JAKUB,KOZIOŁ,20,395
3288,ZBIGNIEW,FRONCZYK,26,687
3289,STANISŁAW,BIEGAŁA,24,504
3290,OLIWIER,DUDEK,26,47
3291,ZOFIA,SZCZEBLOWSKA,23,131
3292,MARCEL,RYBICKI,21,89
3293,VLADYSLAV,WAJS,21,71
3294,MAŁGORZATA,LEWANCZYK,18,694
3295,JAKUB,ZIĘBA,21,468
3296,JERZY,BILLER,19,861
3297,WIESŁAWA,STĘPIEŃ,18,861
3298,JAGNA,BUBIŁO,21,819
3299,HALINA,MOSICA,24,902
3300,EDWARD,PABICH,22,614
3301,WIKTOR,BIGOSZEWSKI,21,780
3302,DOROTA,ZIMNA,25,294
3303,URSZULA,MACIEJCZAK,18,269
3304,FRANCISZEK,PAJĄK,23,754
3305,LILIANNA,BLAŹNIAK,20,850
3306,EWELINA,WRENCZYCKA,22,524
3307,KRYSTYNA,BUC,24,349
3308,JAKUB,WIELUŃSKI,26,521
3309,DAVID,KIJEK,21,365
3310,IRENA,LEWANDOWSKA,26,931
3311,RYSZARD,KRZEMIŃSKI,24,633
3312,ADELAJDA,BANAT,21,991
3313,EDWARD,JACKOWIAK,20,56
3314,MARIA,KUŚWIK,22,165
3315,MARTA,HUCZEK,22,991
3316,FABIAN,PAWLAS,22,35
3317,MONIKA,GRECZYN,21,83
3318,JERZY,PAWLICKI,24,399
3319,DAMIAN,KOWALSKI,21,704
3320,MARIA,SZAFRAN,22,985
3321,PIOTR,OLSZEWSKI,25,380
3322,MARTA,SUPERA,26,317
3323,ALBERT,MARCINIUK,23,704
3324,HELENA,JEZIORSKA,18,5
3325,KAZIMIERZ,OLEŚNIEWICZ,18,372
3326,ARTUR,NASIADEK,23,676
3327,KAMIL,WARDENGA,18,623
3328,ANNA,BORZYMOWSKA,25,542
3329,MARIA,LEMAN,24,222
3330,JÓZEF,SZYMAŃSKI,19,908
3331,ZDZISŁAW,ŚWIĄTEK,26,259
3332,KRYSTYNA,NAWÓJ,20,565
3333,GEORGIY,PIEPRZYK,26,58
3334,BOGUMIŁA,KOCEMBA,19,47
3335,IWONA,ANTCZAK,23,86
3336,IZABELA,ZAWORSKA,26,240
3337,MARYLA,GROCHOWSKA,21,486
3338,KAROL,ZIUBIŃSKI,26,97
3339,AMELIA,MISIASZEK,26,602
3340,IRENA,KOLESNYKOVA,25,615
3341,PIOTR,KVAS,26,68
3342,ALEKSANDRA,SAWICKA,22,685
3343,SELENA,SOLUCH,26,283
3344,NATALIA,PELKA,19,186
3345,GABRIELA,SZCZEPANIK,24,679
3346,ZBIGNIEW,SOIŃSKI,24,186
3347,IDA,PIETRUCZUK,18,284
3348,ZOFIA,TRYBIEC,21,749
3349,TOMASZ,KULIKOWSKI,18,592
3350,DOMINIK,WAWRZOS,19,329
3351,ANDRZEJ,ŁAZAROWICZ,23,122
3352,KAZIMIERA,BRYMAS,18,105
3353,ADELA,TSERKOVNA,19,414
3354,GRACJAN,WĘGLIŃSKI,26,668
3355,JÓZEF,WOŹNIAK,22,133
3356,ZAKHARII,SCHRAM,22,296
3357,ARKADIUSZ,JAROS,21,810
3358,ROKSANA,WOJTKOWIAK,24,532
3359,MARCIN,PÓŁTORAK,22,7
3360,KAMILA,KRÓLIKOWSKA,18,85
3361,MAGDALENA,SMYRAK,18,257
3362,MATEUSZ,PAWŁOWSKI,22,414
3363,ANNA,STĘPIEŃ,19,692
3364,MAREK,BAŁOWSKI,25,909
3365,SZYMON,GŁUSZKO,25,396
3366,JULIA,BLICHARZ,22,186
3367,DANUTA,SZCZOTKA,23,31
3368,ANDRZEJ,ANTECKI,23,349
3369,OSKAR,POGORZELSKI,25,546
3370,JULIA,SZEWCZYK,22,906
3371,CZESŁAW,MITAL,23,630
3372,MAŁGORZATA,MAZUREK,21,976
3373,ALEKSANDRA,BIAŁOŃ,26,822
3374,MAKSYM,NIEMCZYK,20,548
3375,DAWID,SUCHECKI,23,52
3376,ROKSANA,SZOSTEK,24,157
3377,EWELINA,KRAJEWSKA,20,731
3378,ANDRZEJ,MICHALAK,25,420
3379,STANISŁAW,WROTKOWSKI,18,597
3380,ANDRZEJ,SAFADER,26,291
3381,DARIUSZ,FURMAN,21,284
3382,JOANNA,KOTECKA,19,24
3383,TOMASZ,KUTRYB,23,232
3384,WOJCIECH,CZĘCZEK,19,250
3385,JAKUB,NOWACKI,19,417
3386,ADAM,BAHAN,26,496
3387,RENATA,STACHURSKA,18,677
3388,SHRAVYA,LAUER,19,568
3389,JAN,MIZERA,24,637
3390,GRZEGORZ,GUBIEC,21,9
3391,DOROTA,BIAŁOWOLSKA,25,814
3392,DARIUSZ,SACHMERDA,26,340
3393,KONRAD,SZEWCZYK,25,827
3394,PAULINA,JACHIMOWICZ,20,343
3395,AGNIESZKA,MISIAK,21,595
3396,MARIA,WROTEK,22,882
3397,NIKODEM,BOIKO,22,255
3398,DANUTA,RZETELSKA,21,581
3399,HENRYK,KONARSKI,19,518
3400,MICHAŁ,KOSMALA,19,763
3401,JULIA,KOVCH,24,794
3402,ALEKSANDRA,LEWANDOWSKA,20,738
3403,MARIUSZ,NIEDŹWIECKI,19,590
3404,MICHAŁ,ZABRZEWSKI,23,560
3405,NICOLA,CZEKAJ,23,522
3406,EWA,BĄKOWSKA,26,691
3407,AMELIA,ŁASZEWICZ,19,944
3408,JUSTYNA,STASZEWSKA,24,391
3409,ANNA,PIAŚCIK,23,575
3410,ARTUR,SZCZESNY,19,749
3411,IWONA,DĄBROWSKA,24,562
3412,ULADZISLAU,TOMCZYK,20,870
3413,WANDA,WIŚNIOWSKA,21,913
3414,KRYSTYNA,PRZYDATEK,25,372
3415,TOMASZ,KOŚCIANKOWSKI,21,998
3416,ŁUKASZ,FICEK,26,454
3417,ŁUKASZ,SADŁO,22,320
3418,SŁAWOMIR,WRZESZCZ,23,178
3419,MAREK,DYRCZ,19,489
3420,ANNA,GRAJKO,25,86
3421,DANUTA,URBANOWICZ,23,645
3422,KRZYSZTOF,JASIŃSKI,18,812
3423,EWA,BORCZ,22,358
3424,ANNA,BELKA,26,520
3425,ZBIGNIEW,ŻACH,23,174
3426,DARIUSZ,KRAKOWIAK,18,374
3427,BEATA,KLIMASZEWSKA,23,2
3428,JAKUB,POZNAŃSKI,20,160
3429,KAROLINA,OGRODOWSKA,26,728
3430,KAROLINA,GARBADZKA,24,186
3431,KRZYSZTOF,BOCHNIARZ,25,23
3432,PIOTR,ŚWIDURSKI,19,624
3433,MARLENA,STACEWICZ,25,792
3434,TADEUSZ,ŻABA,26,25
3435,EMILIA,CHUDEK,25,315
3436,HALINA,BOCZEK,21,105
3437,DOROTA,MAŁKIŃSKA,26,648
3438,WIKTORIA,LIGMANOWSKA,20,251
3439,MONIKA,RYBIŃSKA,20,828
3440,ALEKSANDRA,KSIĄŻEK,24,572
3441,MARTA,KOTAS,23,603
3442,ANDRZEJ,SKALSKI,25,770
3443,JULIUSZ,KRANZ,20,530
3444,OLEKSANDR,DOMAŁECZNY,25,415
3445,AGNIESZKA,JUREK,22,884
3446,ALINA,KOWOL,25,357
3447,KACPER,KONIECZKA,21,536
3448,LESZEK,WIERZBICKI,23,348
3449,MAŁGORZATA,DOMAŃSKA,19,849
3450,DAMIAN,SCHREIBER,25,414
3451,WŁODZIMIERZ,RUDYK,21,544
3452,TADEUSZ,SUCHODOLSKI,23,405
3453,DMYTRO,WÓJCICKI,21,455
3454,ANDRZEJ,NIEGOWSKI,24,781
3455,SZYMON,BRONDER,20,410
3456,ZUZANNA,PIECH,25,627
3457,BARBARA,OSTAŃSKA,19,418
3458,JAROSŁAW,SALACHNA,18,374
3459,WERONIKA,SZELIGA,26,152
3460,MIROSŁAWA,SZYMAŃSKA,18,844
3461,PRZEMYSŁAW,LEŚNIEWSKI,20,300
3462,BOGUMIŁA,GIECEK,24,229
3463,JACEK,WOLSKI,19,977
3464,TATIANA,BARAŃSKA,25,578
3465,MAŁGORZATA,BONDARENKO,18,414
3466,ZDZISŁAW,MUNIAK,24,708
3467,DARIUSZ,WELENC,23,936
3468,ALINA,SHALYHINA,26,265
3469,JAROSŁAW,KUBICZ,24,543
3470,JULIA,SZCZEPEK,19,842
3471,MARTYNA,SZLOSOWSKA,25,857
3472,PAWEŁ,BYDŁOŃ,19,2
3473,JADWIGA,GAWLIŃSKA,25,473
3474,ANNA,STACH,19,444
3475,EWA,BORYS,20,751
3476,JERZY,JAKUBOWSKI,24,707
3477,JAN,MAUCH,23,250
3478,ŁUKASZ,SZYSZLAK,22,442
3479,PIOTR,SIEMBIDA,20,766
3480,MONIKA,STEC,24,62
3481,KAROL,AUGUSTYNOWICZ,19,681
3482,ZBIGNIEW,DEDERKO,24,781
3483,MAJA,NOWAK,25,974
3484,KACPER,UTNIK,21,683
3485,HELENA,GĄDEK,18,765
3486,AGNIESZKA,BOBER,24,141
3487,FELIKSA,AUGUSTYNIAK,21,554
3488,JULIA,KAMIŃSKA,21,313
3489,FERDYNAND,ZARĘBA,24,812
3490,JOLANTA,ROSIŃSKA,23,321
3491,STANISŁAW,CENDROWICZ,26,878
3492,HANNA,ĆWIK,24,918
3493,ARDIANA,STRĄK,25,872
3494,PAULINA,BĄKOWICZ,24,561
3495,ZUZANNA,MORAWSKA,24,134
3496,GRZEGORZ,DYACHENKO,21,108
3497,MAJA,GIŚ,22,984
3498,DOMINIK,GOLIASZ,18,240
3499,URSZULA,KACHEL,26,652
